非建筑用地,公共管理与公共服务用地,工业用地,居住用地,公共设施用地,道路与交通设施用地,绿地广场用地,商业服务设施用地
0.0,5816.861768530827,8132.157488917656,81422.19019422441,0.0,47293.79201227518,3690.6220000145872,10015.403628211317
0.0,8229.483112714084,0.0,38625.01512434163,0.0,21957.43403672556,152.37189597573496,23797.6634480134
496.37773165449795,12.181452116402449,161.5140499968853,0.0,0.0,6692.373327176161,0.0,13225.458169458814
2992.488479737345,2411.497544061499,253.8041941789496,4202.11700669267,0.0,12042.292212683982,28.19800318838193,12029.142404038465
0.0,4468.359702217402,0.0,42158.2290381449,0.0,42375.184541898976,7734.439953750625,29539.909518661523
0.0,13505.957763093691,69.97661714644704,2243.803016002402,7260.543059813785,35560.32303131732,4858.980093086719,41270.31573975565
3096.302972729414,8639.834790512406,0.0,247090.54498092036,0.0,80872.1227419054,37821.33384590952,5315.342470744089
20.734670915707746,24383.02371266959,394.6347190020699,436646.639256568,47.77914999404028,174817.24619310698,122802.3847122285,26244.510204284295
0.0,1489.4129490526377,16940.115065802325,49.31059746598451,0.0,13538.189680496991,0.0,28420.534821073496
0.0,889.1559867037452,3770.4195050385506,19242.48363985469,0.0,26149.541751562825,810.8730999753676,25792.26314459707
0.0,13598.841819735573,399.8287346751553,2002.8426062279289,0.0,15094.228413135284,4700.379285743218,21831.201678994184
1254.7543435151708,57913.61516818036,0.0,7223.738993289799,0.0,37398.97852365801,6283.417190854407,19131.681954713087
1844.464816447983,2814.6902348457506,0.0,514.4974577622294,0.0,22511.486156577972,0.0,39630.384891510446
50.33541164343243,8135.823233719421,2215.4272005695784,5203.0240852405,0.0,71456.15771919444,31.598521270299333,8447.759229306619
0.0,218.075911457108,0.0,5041.749365100009,0.0,20953.2065655333,604.6241181887721,50292.10500859551
125.22154276896576,5869.200521302804,4734.110186626547,16225.28897072821,0.0,20452.65328757357,4132.887686924974,25368.37928386747
3793.3768836752165,8085.870593204532,2444.37369896181,11064.27048315593,757.1798286283479,34512.66045217017,0.0,47736.114323053655
505.59819967314127,6801.272557101758,417.04679083527606,2683.9451331629416,332.6927146499521,22792.614099943356,14.950831302717118,42467.188402550804
0.0,39525.43487246544,0.0,7032.735210052466,281.28395001687124,16734.893992563702,12812.53817145121,5244.646182088842
4982.46352653935,11629.919655960739,3525.2438800355712,7992.049806577528,0.0,52230.74528872632,11212.009640042295,33303.64415857589
892.7914593086595,6654.30821492766,3951.964014057782,12218.825670600703,5920.334230124531,31795.303891803385,4724.422782845429,37815.85196245195
4.286112847515289,7114.786733700656,0.0,6591.01139784396,435.09798102753103,26417.334674978694,3689.302316013569,39887.39339698729
0.0,4043.1426817864403,0.0,15739.2779751507,104.92465000429974,25110.182901573036,9167.120433841968,54914.47392661518
3812.4153090304353,14672.481223557741,0.0,29236.72541869248,58.700949997247385,64782.36398555427,0.0,16847.399639645962
284.8289628303187,10264.629133933438,20.818978582871704,38130.79026859424,0.0,21069.7822004813,1154.680413198257,6119.241383366972
0.0,3166.664393138709,0.0,0.0,0.0,16594.585672594578,238.95369750627972,44268.60485516878
4105.690209242763,5683.388884089623,0.0,3924.676819771432,0.0,48492.281299850525,22407.077451684825,47169.30253439396
708.5622943584069,2852.97966852631,0.0,80986.62982092217,0.0,41191.506981808416,4721.1243630471245,21475.03293686913
8039.961584445536,6004.051494321034,0.0,31445.21121545905,0.0,31428.550460281484,0.0,16390.39895196628
2932.3247713484952,5438.8989396555235,1277.975145001822,42622.40878604823,30.35949999762885,21083.28231142539,2051.523230845052,13206.294138625391
4773.504899853891,11275.52640959543,2071.767664990899,5524.943488297562,265.15029895766224,36275.17467202596,165.42876597416193,53046.13755777358
19464.28448503797,7080.801992094269,3653.983505001117,6727.801991072843,2237.0672775223934,27568.032823033052,3075.2724637054625,22680.205562071773
0.0,25713.011454080246,1468.9827996810022,43139.24282713326,0.0,88920.2541766129,18882.74662383188,2591.8070662258287
0.0,1073.9137933578045,0.0,42704.15468189662,0.0,24792.54371498667,63244.97372419899,8917.802527870528
0.0,450.185683766553,0.0,27070.044340278127,0.0,19048.80231163944,2774.866530914983,12673.342391071852
0.0,4085.083130790189,0.0,78404.91725438744,9.55628121205154,34879.593239444075,12124.742130673292,9004.034769039314
1346.0429649639696,8630.738644428204,461.28949998804086,3090.791789751628,0.0,35759.789771662785,0.0,50452.93884364261
0.0,93.98359903630464,5830.9067571272535,15006.613675864544,2219.7150400168944,24950.72273576074,0.0,21957.83988051107
12.597419839734382,605.5421098796431,2677.999112543515,0.0,6165.921592221024,10845.328471248891,0.0,11612.250188895028
0.0,5429.774608464687,7124.22247380457,28183.69650279017,2981.372309345088,21770.660740024003,6796.624531343165,6458.59780072248
0.0,26.43465000008549,0.0,24960.62737751649,0.0,28113.882519053062,0.0,22767.54017676272
0.0,80.67817008373527,1528.3986499891498,379.6382000122994,110.40976198288104,12370.095514157896,29.096171851941016,25588.30209328814
0.0,1276.0587918349638,0.0,4833.050933880002,0.0,22942.164864391776,0.0,19667.31712431209
2444.273369145045,51.13286121311201,1581.7336665225453,37156.20477262647,0.0,24712.828780866043,221.1261000081558,16652.739503996927
1413.7737399106281,12456.961358437871,9789.124721452312,203480.4424941992,1704.2985598686994,143702.68773987325,44539.78446741199,20548.183840523503
0.0,17652.18307434924,0.0,0.0,62.093500002851705,20783.093095181546,1393.3669664806778,32873.60655988853
0.0,1135.0621733953592,50.69950000505149,3518.692090500483,136.4372999924513,20088.492776570674,19349.000626048717,28120.898570455167
786.6801778015822,2369.0295627855276,3112.616362989483,29615.53185489703,0.0,27772.66194544351,0.0,15932.16033638302
0.0,11531.04681198789,459.1549597205087,17771.314658915468,0.0,18575.18063429361,1015.5097900063056,12904.738353375975
0.0,13600.495637365853,528.4229999807039,24590.58236000496,0.0,26374.26239280411,0.0,31872.163841935988
0.0,585.716980209068,0.0,662.2293765150212,135.46162802659052,14260.846628560465,1127.4922023286904,24416.2021781566
0.0,14002.876437999057,4624.209438980524,32546.49716385734,0.0,19356.1403740398,3498.451200014948,11696.579472717933
5704.242848013306,4701.547519484199,0.0,0.0,0.0,22231.79920701944,3980.9982235204425,46708.15200748042
73.48034549908317,5083.167422641946,0.0,14424.369817644683,0.0,14861.085826186594,11385.553831107414,14975.537429502601
2476.7413000414,35280.861354309825,4427.50377631185,3672.452903531083,0.0,19406.02109525379,172.14668949873067,37653.51519292631
4666.678764005188,1893.218000013887,399.2959499782438,3412.022085020587,0.0,30647.12231474076,0.0,42631.49717564464
4052.3395895325393,10870.0895974494,0.0,41386.98527581903,33340.30782323535,38584.828594284816,915.9823499600808,16594.8113846259
92.1688999952296,19442.630763806777,0.0,50316.595817827765,0.0,30412.05890309942,15197.284895177138,1467.1792347555122
0.0,12381.620096233108,0.0,85864.25904222358,0.0,28807.072504347467,2478.63824692497,8851.37055053793
0.0,5381.162345734086,252.1636803537918,57859.90577040528,0.0,23894.84737921095,0.0,8150.1921174533045
177.47484998925927,4997.699520695129,0.0,781.1346499891285,0.0,34318.18063083802,42.07008988909038,60261.00995680083
0.0,1453.215835974098,0.0,0.0,0.0,14270.729691427838,0.0,22085.40249487994
6004.920059303117,3545.9104378096836,0.0,704.2611629982571,0.0,30459.130073249093,0.6842406791738611,65705.80485760432
0.0,3907.9726230067263,2541.476825462764,5699.118450063724,0.0,25849.561178891818,16950.7649295027,38706.09071597288
437.6481727992327,23629.717795039698,0.0,1490.8446656774454,0.0,21651.54189224306,0.0,18027.273738690747
2251.8652319897283,6017.32953228802,0.0,24562.927436969847,0.0,23206.1696238676,5130.1295464820505,29320.83536449881
0.0,4209.832393552056,8481.627402082964,3005.672996665631,0.0,27365.03127521191,2625.393528708058,31936.330945195597
0.0,3030.996223828827,6760.216832962704,8739.436933678768,3025.14133478458,31557.196960709385,1018.8362215319072,40836.556824899875
8673.556287999427,0.0,0.0,5991.284740164734,14390.784518860382,24713.43406636354,0.0,18773.952590062047
12252.737977751749,1191.8908673995402,3563.070698201679,13328.602746199274,0.0,52772.85739085464,2867.9673948368845,21876.364455629984
0.0,4117.016210669517,0.0,18629.04137933028,0.0,29818.613739540604,4886.634299638819,29254.99306295745
1269.100660004447,14136.373843113292,0.0,23788.27875695852,60.964000008664094,29813.76744645012,45859.15049088356,26973.685291371756
0.0,3801.9182575231266,2452.182814323596,3293.514588282785,0.0,18094.39990114177,6524.030471160574,29952.29872256294
47.51751292920665,3123.2314625572435,1721.221894503031,17997.77587496904,1867.4850499958677,15252.351774785417,1859.8630981770168,31012.79677270377
8148.035541424899,13194.737713904964,952.4212944853126,3300.4516507839453,0.0,26250.93558696724,3039.045772140434,12053.81334118553
2527.285410264049,10426.721237779651,4267.6868290970215,30043.81489475048,19.569199998573588,24810.78379717727,0.0,15191.223895074227
640.2044587864871,3252.3783613464566,18.10816959412869,28.61730000346881,0.0,19860.939128455462,0.0,32835.51084688269
0.0,12635.874575567195,4392.2983443282,1165.4966570186707,8.779150001677126,13683.863759655427,72.64471971931764,26035.72846714856
3921.34270208209,17.707902499104236,525.7602999972439,142.78373519560748,0.0,26327.099161609614,1944.2754762283305,35324.644231267346
2328.1937108949787,9923.410417487863,484.0150300101677,1144.9367842495865,0.0,21370.29084476598,1855.0526632333856,45763.706810021926
1930.4855864330596,7075.810753929582,7286.896250929393,23052.54872013901,0.0,34908.21397138585,8628.927349041564,27380.999117363714
550.4241085320617,5243.2922597119905,0.0,54972.12862784202,0.0,18315.129170313987,0.0,1109.143989772871
0.0,351.71359124183687,0.0,1231.210302552464,0.0,16966.75524486067,7341.318132277101,26733.281311480016
0.2207794185345304,9379.65752147069,0.0,21890.86324977306,0.0,20797.40287877868,12968.69578657752,16878.827220101808
1204.0357130276363,6028.31692677348,1699.8082644265023,100542.96193338271,109.4967999981826,111447.48909908373,5240.096507002917,42376.35843842081
274.67721409379186,15197.629450998,0.0,63513.52760253878,0.0,33004.05399386066,10439.33207267516,3440.3873959993334
732.4144545648896,19516.331933813202,0.0,14253.292062156068,0.0,22168.797330315643,0.0,12281.36903830816
2337.2633255308456,4593.01425144465,214.01406249552383,43905.45897636851,0.0,30915.560428485744,6043.433347514541,16490.108907335372
305.20426298087364,27706.764397981056,43154.71463517941,107727.67121364064,143.11516651688487,90670.34281798624,13993.28866817883,41327.88979028097
313.5870592206211,13672.393890706768,0.0,31075.944813380876,19.84290000353977,19403.93504460784,0.0,11009.642637879164
0.0,3807.1820221805865,0.0,84639.42483854886,984.5050325167944,37816.7209394291,312.3392903470271,11609.01584856333
0.0,5013.757495783959,0.0,10166.196891536169,0.0,29060.770253337763,814.3189812642132,29067.117212827256
4702.651849186532,2991.8642365566766,0.0,9506.232754221644,0.0,39891.08005181295,511.74021935860895,46602.923743146
0.0,899.6345699532928,733.3430856022879,7071.489346324689,0.0,25371.149403017957,2385.091955611895,15122.444772773422
1482.0973475166786,1690.8232536439937,431.0301500098048,0.0,0.0,20092.140844038382,233.89554821121644,42792.06007358621
8229.815279957416,5348.615059550384,0.0,374.7241732874867,0.0,31310.326931177304,0.0,47831.63545333361
0.0,4859.428471493457,0.0,89603.1204269317,131.81389998835175,32187.29718309712,33600.478407532675,30277.253074376833
0.0,2746.0023199600814,448.5561499756551,41729.00575892781,0.0,23752.311511626216,2431.4109080774588,26886.835435038094
6648.169525076779,1372.057895844978,0.0,319.51484713633795,40.04181259949176,21838.404208638593,474.3450914224776,44964.89133841803
479.87441505409737,10531.532514287499,884.2044635752276,37281.727381754434,0.0,24881.874681530266,2378.968505051129,30180.977250657525
1748.3859632741282,12447.482768786856,0.0,17832.44962983654,0.0,33037.44225363799,2338.725082239124,42115.79069474073
13609.28104319447,3462.2138243933205,0.0,106.38454999329132,0.0,21665.399066722013,4808.836700085983,42123.335000021405
0.0,27689.612369678274,0.0,200152.75149002392,0.0,82756.9811767404,887.8461874785474,28679.74986048078
0.0,0.0,0.0,496.64993661677687,0.0,9659.121356699912,243880.98467281053,447.52712854661786
5959.827981739041,1764.4517101119754,302.0622184308592,0.0,0.0,10902.756043784064,0.0,16335.278895652282
0.0,1124.9769069567171,0.0,30234.023745180915,0.0,15786.17390009563,2240.20167487046,3210.3677517401
0.0,25538.994972735727,0.0,22848.34236578367,0.0,33094.42640892991,121242.84686448515,11907.436582314725
12185.013013962567,5655.134866531574,0.0,11269.51405594489,786.8667499907901,30897.08858187112,0.0,37179.69062899632
3345.542985945568,2900.1376058923342,0.0,125.29294025183314,0.0,49423.35441163088,2135.082083388476,72487.93186043763
1666.3776532311078,17447.28357523954,1293.792328018969,34875.490132649866,18.967039999550806,20381.582326192536,11717.19760113824,6176.79134296021
0.0,9669.046795748309,0.0,5812.552005650001,0.0,15778.443546132548,0.0,23641.72621860751
479.5058499879432,13500.446619659531,0.0,34950.40885456005,0.0,19554.77151013197,0.0,20985.079448981054
0.0,4379.583308237099,7076.757666501993,0.0,0.0,16021.735014383738,0.0,37820.12399749442
0.0,1431.9238454484312,0.0,7851.386171779847,0.0,22108.085034806623,389.81945160192936,25191.08891267945
725.0956933700537,0.0,0.0,1846.8291512932324,0.0,10858.663169262301,0.0,28299.91593996003
0.0,8938.46990996645,475.51235748696536,30423.39353554408,0.0,17559.96480565174,0.0,2190.765261164029
0.0,3031.964667168705,0.0,69838.10445310514,0.0,52634.84353811922,22865.56665986908,2355.410892573086
3625.472467493465,8799.363361383423,23.990648908149137,19894.21000270507,27.272650000049172,28266.769999345062,3718.21429717492,27722.929328560524
2166.618887921792,7053.578777145044,25495.60707602033,10791.508715456996,0.0,20238.308734903647,8520.03728198032,18647.67133817849
1213.4340481422546,7495.2443444510445,10989.193164955732,0.0,0.0,10794.018889773331,0.0,17751.54647090569
0.0,2076.3410734946387,0.0,32954.68913949596,1186.1251466884826,40934.29307093157,6312.535798652817,16675.763828006933
1583.7255501787215,428.4873247650898,0.0,990.6831206378148,0.0,39337.29172506945,1950.6709926151475,82987.74323176127
1385.4298306584217,7061.00827972426,0.0,20708.858765625395,0.0,76436.95727331036,8625.168101472924,122428.735218904
0.0,16909.155017677695,1097.9151884232106,69937.96873913016,64.59370000045392,56238.46275984148,6484.67647222437,14161.232850745568
1727.2137274261215,86.159271207489,1229.2422946014253,2452.297888981009,0.0,39364.01056747601,0.0,36891.78216344693
1800.5516500032836,2419.7749900293516,0.0,15323.760159143609,0.0,16922.075878273703,3877.4947278197,23761.950632608197
3079.326869185762,5634.066457246611,3203.6815797730555,12604.539358863258,476.5617500061895,8965.780503950487,3926.4902501973047,4365.820483962032
1453.2605620313025,6589.519985861271,4515.277135756528,13770.650791252672,0.0,41263.898043103014,1561.952150032375,56742.3243192991
2223.8808500219134,7499.605877627055,0.0,0.0,0.0,25977.4372482989,4157.761480511663,37703.88528607319
1332.2036640014007,0.0,0.0,14538.353775586518,0.0,30980.33594572146,63118.66892868262,12752.648132253928
0.0,12631.619351364872,4507.960572763478,5012.836996047512,0.0,22021.461525636823,19859.590268584725,31603.393858719486
118.65709724789704,0.0,417.1988999885287,0.0,0.0,19689.709659353368,8058.954318528873,32297.424681394008
0.0,12397.143547958938,0.0,0.0,0.0,27178.7302003849,1582.648256921416,38381.23323174256
1794.0788743709902,843.0472882195038,5.010251737213245,91164.3246582548,0.0,67675.11194501193,813.8696285373363,25367.25864097466
0.0,5194.7777475598305,2.3473363196507786,73372.88327934787,0.0,54132.53702385173,21275.660207059373,6962.120486139025
4090.5348788424367,2820.980220551987,173.6386499961162,42539.9893589359,0.0,26542.81129012082,1040.0027499093685,11675.057372027386
0.0,1190.055063674807,0.0,50392.15416711257,0.0,14746.35265444991,5036.912346395464,35505.4117802982
0.0,13501.840799404941,1886.7936523971769,43435.10184933675,0.0,42678.41605984142,7806.938570317219,1880.180433405664
0.0,1804.1497751023157,0.0,24813.90597079635,0.0,19280.354786821936,0.0,8530.143155811214
6987.102176928103,9567.10183134664,10792.511574532982,51436.1583802028,7773.227254711704,36882.87116310162,49104.84847490172,10442.729014441624
0.0,17376.89155906327,0.0,64261.21356617995,0.0,38195.90804764119,16812.25051265718,21343.1702699555
0.0,846.4478192545837,0.0,47899.09550120004,0.0,23221.198326334783,18826.45977304068,8001.680699037675
6634.729987545657,13605.58639142374,127.59693486450982,64590.90510918341,0.0,25966.6613786606,7118.398673682439,7522.355053787212
312.79870000848194,1633.5806266529396,0.0,43317.94239211096,28.77834999364764,69486.1546999556,180465.8944254056,20330.4330327645
0.0,914.4207213200524,0.0,4271.047496327089,0.0,36584.62084271318,0.0,7028.574685400827
0.0,5148.507952696951,0.0,34522.45957754805,614.420631187557,18739.134538669427,2553.031791070118,6077.439002820935
13484.361077736712,26697.44668388985,1896.587710778872,30267.53957196138,0.0,32633.309032215628,1352.4538900626617,7757.533542857055
0.0,17313.276490282224,52.20840000116583,29727.81416023941,227.7089674870242,28915.736289587963,806.4912345512946,21399.121194577892
69832.54604535576,3373.7089695954915,0.0,69201.25546592863,7141.311733696493,61411.581919227014,14346.46864142214,6810.237419318824
129.37808800971737,20560.66686891757,0.0,282.097249995769,0.0,38917.08660430509,63729.44557646633,36573.21304061188
0.0,276.957690752174,0.0,17552.896685258653,0.0,15249.82866178811,200.3126890268369,10381.518999102871
551.2629712847818,1839.5320144286588,0.0,45.395413498225786,75.87246897528034,18226.390155247747,610.0521050723058,23652.453961311592
1304.9119560259817,117.8191110892309,0.0,38114.09604818635,734.2089901178169,34733.12210975775,5716.609325986692,29231.232689108878
0.0,3492.206115969999,0.0,59520.80408675836,0.0,28519.465274125654,6815.654725559397,4588.272049583335
9741.722354002512,5074.466100023555,1000.0207095753178,28776.89107483404,0.0,55956.76804396384,4421.971006206866,21732.08299841077
0.0,0.0,0.0,23980.98624954976,0.0,27366.154281270603,5800.703526489555,30725.707103196004
0.0,1459.4995033433006,0.0,24364.635591064976,0.0,35155.231076839635,0.0,42339.6032891448
0.0,2282.627521325397,0.0,26452.462367815624,0.0,14600.35670138965,0.0,6819.755695214391
0.0,1863.622617322548,911.0661185831076,62935.5975102525,0.0,48175.47319272033,85218.82257749487,27951.491509555723
0.0,5160.973199322427,1012.177901538059,9610.046409511046,0.0,12771.192956914903,0.0,20770.66168127775
0.0,11859.023168832888,0.0,65762.15483064488,0.0,31949.9074514627,13358.693033625084,2470.2761511241642
0.0,21676.758094680416,0.0,41691.97649805315,0.0,25420.747287770704,9640.936884228176,5017.184825096814
0.0,5080.395126740948,0.0,0.0,0.0,4882.151239386825,0.0,2262.3219224428112
5304.764643399387,12453.942528118188,0.0,1277.4325079320583,0.0,16543.86212381292,0.0,10265.113361753629
22065.20789959326,0.0,4728.705786944315,0.0,823.051542814741,11865.465897693028,0.0,14358.17620742515
1381.3728750174178,19367.652404951994,810.8858925183135,84800.30130944264,0.0,107591.0740747689,32649.677290987755,22688.597397344587
0.0,8125.952005452054,0.0,6833.957064027197,0.0,15319.062637146577,0.0,21020.685275037085
0.0,2405.1177733198538,0.0,47262.40674948353,0.0,37497.79075814872,3537.3957165184133,3324.0147894949
209.32910794450964,346.0977500059354,0.0,16639.89107621646,699.756431628447,28984.29711827984,101.12513715887415,45123.74566884434
0.0,0.0,0.0,71754.06213194712,0.0,49096.61844277724,18634.26456149308,27536.233042638356
0.0,16211.35053908248,949.9982250078024,13151.96217729762,12.472250001561829,27334.46311066334,1324.083750000229,24981.22717039024
42250.734305770486,0.0,6051.96022027168,25429.868546633243,2589.6260800019154,56178.673209578745,922.6907843442324,79882.14415841034
2672.165272675124,20479.83214707396,0.0,10791.304722859695,0.0,29311.948574607755,0.0,26133.073445519374
0.0,5933.784565085444,0.0,62943.05717394321,0.0,46916.45405292483,0.0,5557.6229288899
1356.9727301289558,28962.951256826036,0.0,1815.2747639525955,33.06239999817442,40574.955926827104,1538.3438761798857,27839.03474919575
0.0,2168.873114854445,1621.4880170108668,45113.006365449655,0.0,27079.93964355617,0.0,8503.391974109201
0.0,2974.0105966084466,0.0,15396.791381050209,0.0,21904.27610287119,1072.4655549894724,20793.849720214956
2400.893001449503,3642.8746002315766,2972.2507559793403,20983.656522879304,0.0,23661.066685747108,7547.674100016146,20687.585736335765
0.0,9790.75766532261,0.0,39957.19736003619,31.822799994109943,32441.056119733254,10.400408608849252,9937.559312455021
0.0,0.0,0.0,600.08729509957,0.0,17588.245014367127,30417.54488104412,9065.073887307033
133.9493409009455,3866.405347906123,0.0,615.9540918930136,0.0,18597.892259769556,0.0,38442.862906618764
0.0,0.0,63.23873599168672,1640.441385721586,15.699799995827304,12773.96176207186,0.0,30285.478543434187
6837.683969033698,18051.812966395057,5553.423898245836,9958.006268990215,0.0,35057.385851232575,0.0,43930.5376916149
9232.91996154576,6942.808588587507,0.0,4156.02543300314,68.50492000226483,13738.694630624152,2980.1085821738466,14150.626341834984
31.915683968182957,14203.689960700098,4333.849389586303,8908.541224989256,159.16093515395687,33032.6347472568,4073.063780322719,26234.31791861947
0.0,12929.093116676264,164.1364999951413,26129.68010226362,0.0,29047.561988786765,0.0,25981.338191702343
757.7148613967407,3728.6488260802853,0.0,2419.874360696572,0.0,33126.64919928793,0.0,84608.99372133461
3832.3521629372726,19225.784505455125,4577.2264355363895,23716.323440614506,0.0,33703.606186676305,12.342176910867664,21358.165276948002
0.0,3017.6481140224478,261.251749998874,4519.379133854272,0.0,26934.42686078563,3377.055950010756,28280.85006364588
14294.49824848944,6977.612753278804,1258.5485997406215,28145.189191726164,0.0,39231.14383818572,1497.3521300038983,32180.402169293422
3622.956020168893,12249.766883478671,8347.156336189026,5.70668342243505,0.0,37688.57903212198,0.0,53154.72495401697
0.0,2196.2951580824247,3592.052734330417,31997.52037641877,28929.59044829977,24217.177860954223,3199.326640169976,11243.152428127507
534.3083523837804,14780.867603169072,15.164592792203482,24079.09857766583,425.3965750136945,32447.236951008872,4876.510296922198,25142.553623942786
0.0,33.9804153582667,0.0,21071.80426677563,0.0,19540.307506722325,1062.3843259833254,23232.85334547613
1605.031232772796,4435.126253388441,904.2172499940508,52165.25455136128,0.0,25615.04290820208,1734.9915566172845,3886.3640945964885
2103.6762165863765,10743.294885662008,0.0,73568.7644948361,2051.484068049447,41379.46592604296,315.060422097685,5509.647399910234
1402.6252299973698,2409.0616763243816,0.0,2642.6749656886527,0.0,31738.64971991592,3923.627150026469,59016.776722585986
0.0,1.266059888949984,0.0,49193.600496945066,0.0,26680.72885958498,20485.188411354644,5934.120017141156
5602.013863607111,5928.161367956804,0.0,108509.07891571854,0.0,41383.58326153102,10495.075188503755,20153.444950766567
0.0,764.0654235191786,0.0,2051.6323544356264,0.0,37928.97289159038,67436.04086953278,92130.68792342102
0.0,9374.45516214008,0.0,3114.030098276393,0.0,16008.850355782011,0.0,21900.163151307905
1113.2188211777595,482.10555215609895,4823.296202707463,0.0,0.0,16582.36738163555,0.0,34281.93434218205
0.0,1477.6184782283767,0.0,87591.60538159814,0.0,37503.935499949366,3061.108379869939,5085.342326056338
13030.798522900155,4954.094473400879,0.0,0.0,1165.1067499910228,34864.19458230125,0.0,56965.26750807764
0.0,23729.345222136493,0.0,31704.70978019385,0.0,21242.07117013441,11225.76365904301,3265.503272025238
0.0,2123.6251230681814,0.0,57067.43554653433,1391.0549592597192,33078.63181207378,8025.4668473144275,8667.18564773168
0.0,771.7684499936852,0.0,50395.98092993252,0.0,24133.670299713423,44.82390762105134,3789.45364077766
0.0,4824.228477529499,0.0,21254.75428224353,0.0,16721.859528903376,80.61872884978544,21271.938443387895
0.0,1781.410592058806,0.0,7278.737122632242,0.0,17444.05446265234,49557.78967808733,7248.17872878109
828.4253258722889,30888.48503096286,4523.493060130686,197762.28764427637,20.48394999665227,103725.65012487219,38984.26257258877,16226.065170239684
293.302050011019,1026.1628454410052,0.0,41352.25657563959,0.0,29030.751019752217,15261.525886520529,28133.159432148608
545.3846292976955,2042.9653221968906,0.0,37059.96175897513,0.0,28639.022314038088,0.0,20640.567919623176
0.0,0.0,0.0,0.0,0.0,12081.257181112467,0.0,18487.577586716674
0.0,9019.779376289027,50.77252555756076,41759.62423635449,0.0,29077.891704803907,2513.286002472828,16269.170844234868
91.53112085115228,6801.6705152949135,0.0,3448.817116343111,0.0,59671.55941076563,31098.144904838005,119161.51598498288
0.0,711.6943569700483,0.0,4.356481030660724,0.0,28004.244519699227,16171.001828862756,4572.753800095825
1218.4832547625515,0.0,4714.68061200135,7827.580729388455,303.31354999771787,28979.07747844882,861.9195280682255,19606.671464027877
0.0,7256.951292195423,0.0,17506.76133038762,0.0,21342.108728366355,3602.969620330505,4644.573219869915
3998.397695297681,19996.962177643607,0.0,0.0,0.0,10291.371503290206,1970.1007140570769,10790.396871118384
0.0,268.4484000121741,0.0,0.0,0.0,16497.09454280293,0.0,18974.46820401245
0.0,5019.556088435829,0.0,44465.03841932238,0.0,39654.57083289219,0.0,47482.33359485188
0.0,3530.283160314495,0.0,24377.51243759721,0.0,16427.424331610855,15128.983301016478,11621.791031279226
2704.746105418448,12820.324593210797,3167.3346787345167,14441.795961263551,0.0,18342.70394244441,0.0,18955.80277142192
6955.859259311421,12972.375402905627,1326.5908967632731,34401.00472052782,0.0,38683.891266994455,1060.6401749885158,25031.106610142822
2315.933994189667,10422.988366972115,826.1219185764344,42641.570063337545,89.53307615050454,22737.763683952388,7940.024213294235,15721.738741583335
4683.877021490336,15872.788680001284,0.0,4681.041978274024,0.0,36797.47828373123,1872.1331557567976,37925.63291776074
2976.431685596697,3534.088592187659,0.0,15176.566134897312,0.0,7771.085759023173,0.0,14244.46826132748
5760.107451839526,29222.963665070987,0.0,32301.8961182862,27.75519999553934,48948.418889832574,0.0,25302.670565156317
0.0,88.8224500138929,0.0,34043.45650163262,0.0,23579.618143859505,3427.682083555625,6268.845635408895
7507.763212193383,2136.191654587885,199.39123521858224,4013.13302049683,0.0,24034.57086504272,1708.6701955711817,26538.945104794373
8601.98345449908,6712.381440677815,3092.145672732983,38390.7256675141,2809.513845664316,23214.738638240087,0.0,1430.966492872586
3636.786926216083,10935.050159716599,2006.4685918852776,21698.72815593191,839.7385499935222,28743.74535433729,4116.813401469034,50624.279265399164
1075.1499019625878,16388.772192980396,0.0,103300.77289313084,3949.3135418901097,52132.71730844669,80389.67352320947,33062.98421366098
12302.337104469005,0.0,0.0,0.0,0.0,20579.674331756294,409826.74960667366,3585.520067342328
564.3279392874535,8216.507263805384,1702.796842174021,17281.93847682533,0.0,24348.88869076696,11146.959212420028,22896.95843262418
0.0,28.66367338897436,0.0,27116.304637199508,0.0,15126.888710259149,1888.5761304019304,7118.419908526026
563.1313793123144,3013.4811579903817,84.3476499940142,1580.9892074281695,0.0,38702.10919714309,0.0,50819.014001052536
16239.920172450358,37.94384999706186,2647.223174334135,0.0,0.0,23936.011869906084,17487.144236454926,22070.53145789622
5130.847445428823,8235.61495856719,4451.5202483780095,62077.69622213999,0.0,55438.89073977856,0.0,74180.12004135268
0.0,4555.977773288938,2179.7998236466706,26464.727137128197,0.0,19417.98706258838,0.0,15843.19931391958
355.7420202095049,6827.714553062066,0.0,100834.14472679012,28.24305000085551,47474.18521153075,9892.367721882572,7402.536669932118
3659.608807749655,7028.884015510685,0.0,0.0,0.0,7986.903512857614,0.0,14683.032770334246
0.0,14355.153155330092,0.0,19370.291861067926,0.0,30333.327616976396,6787.247555077392,10072.821073072075
0.0,13648.282081714924,0.0,3973.61745161951,0.0,19301.860777453265,53489.20823496432,11052.917253960111
38033.806460065134,38527.06394566376,0.0,64501.33537943484,0.0,42022.13350540837,743.1056772580957,12375.659017859385
17.38640268719797,752.8627346472301,2560.2349109806196,779.5836970302055,0.0,21672.264233453832,0.0,59444.67004909666
85.46726001395166,469.8023661741818,0.0,24122.342703482896,0.0,15716.387675029193,5803.846897592623,9848.401749623528
9710.644953677716,6794.600531350302,819.3491815693151,12053.425211299978,0.0,26177.125551713216,0.0,14068.455938694136
17532.841542615297,3124.271203359663,0.0,0.0,0.0,29284.92225399937,0.0,60249.891137226885
0.0,9187.059686827448,16.672984600806675,10620.408354068,119.01315431464144,24536.703971869243,9637.310070279991,17790.276945785463
0.0,2426.233510022934,1403.223410511387,56828.82833463005,0.0,54502.38668363204,16352.467404040928,35538.87482450312
0.0,987.9306271850112,0.0,18648.40558506621,0.0,12684.765126418131,966.045799990879,5424.911616729403
0.0,7373.72144765179,0.0,43263.1185187864,0.0,17349.259911274377,0.0,7483.358849437662
0.0,1644.6284742446344,0.0,14912.819083328995,0.0,42761.47610769165,9219.9730875755,17243.15815763725
0.0,12543.182280052533,4129.537071766788,63254.60260939995,0.0,26807.023443560574,5620.962530147885,8069.846900847808
0.0,6686.4741737680615,480.7526852700153,17386.106030491515,0.0,42436.12383776263,7965.785758451968,20056.251500915045
0.0,964.7834545638448,1281.973383014571,39648.909967013424,0.0,38989.97095769681,344247.966652463,3337.85702727202
1042.4816047725217,11266.089778413974,95.71058650023116,24470.19574664524,0.0,55757.58592768567,3642.302149984449,24166.51369418629
199.26229998662583,0.0,0.0,0.0,0.0,7665.9738798461585,0.0,23715.423169313213
27954.24567479636,5826.16891997707,0.0,99930.32886282196,4.208018791295381,68035.29045215399,3327.76595065476,19367.078149429883
0.0,15533.157484741629,15919.010513632044,4044.357565388517,0.0,9641.404211952962,1814.2999179585277,16198.79998545778
3769.891262648624,0.0,0.0,0.0,0.0,18989.73441397282,0.0,43851.55411744792
3720.103000003391,4542.450564412201,0.0,22281.266012014978,148.7616500008669,18708.71259458985,16769.492556219506,18821.479163258515
4670.256858370392,3209.279036050079,158.92245834062703,18709.53148033554,18.386449999846707,32637.72752511588,15929.864434464293,67017.52144652134
12010.229281164706,652.4072181140036,0.0,3489.476649982208,0.0,48552.329732609316,974.9269873068228,22805.291545911627
0.0,6534.090587107484,0.0,42636.65246253581,0.0,28606.64983081212,14398.900478230264,11196.04218993953
0.0,1057.9709126258615,0.0,3620.219363128506,0.0,23556.11925529704,5140.587058028795,38745.763163543685
6813.52406181852,49829.72421037664,3316.460630450917,8094.42283907037,0.0,40004.80156180852,0.0,18185.330809211926
471.5843560884472,1182.5366740204731,0.0,0.0,17.725599998222293,7614.000568785093,0.0,11686.329028631173
0.0,2491.9360504154333,0.0,15917.977103144129,46.43105000169929,23720.585396468236,1300.6217670162073,18736.710165114142
0.0,5973.113527066103,0.0,63413.10897607296,894.9946938701326,24973.2173214767,0.0,22308.663240055594
0.0,24506.649975824803,0.0,1342.437982381556,0.0,15356.015889853335,5002.401042896962,13962.427522865863
0.0,0.0,195.67603518564115,15456.634914861515,0.0,41668.89870354144,234.2725084564512,21908.214153932946
0.0,2941.4676095351274,0.0,14014.110396925036,39.14379999537375,25980.955085665537,4098.955843726021,27316.420307982073
4472.740923412874,10986.023903248817,0.0,11482.416289291434,0.0,31681.668391486197,0.0,30960.922729118654
546.5357067180083,1810.2485942495334,0.0,31028.244636689127,566.2280421140222,21425.615556975838,3697.895554629929,3228.3710751250105
0.0,1144.0466657339432,1744.6631146795478,88809.01005331078,0.0,64345.41187760221,35717.82888951404,35401.11597506756
70.99738022858428,5871.603101763261,249.9952999893602,78340.32736376867,0.0,54858.587785690244,414.9559129860871,49525.04136531711
0.0,18864.28407394852,0.0,62567.03543067496,0.0,45342.61180045322,12099.060662767224,6563.665669429616
1309.022568887709,12301.255105259668,0.0,22334.040256069304,1656.721650023973,27474.360336453818,1863.5892976550624,6067.977484466033
0.0,3860.77972233152,0.0,35983.1350860028,0.0,29673.49739336781,5777.211504978812,16862.285155806807
0.0,9511.978802522659,0.0,19239.62287939733,20.764999997755517,20857.055125106865,18013.334301895837,18621.372737702528
950.9870415052438,1555.5733883310877,628.0861799024135,23577.55114715726,0.0,29442.95935111757,0.0,48529.78330590362
0.0,1423.3388499928337,0.0,8376.615111497835,1715.505937743424,13275.275593962151,0.0,32330.256877706273
0.0,0.0,0.0,0.0,0.0,17014.336043614592,263596.1399295499,1292.8283684084147
0.0,271.6715474491946,0.0,0.0,0.0,14449.485716650492,0.0,19726.32604170155
0.0,6862.279662837158,0.0,121281.47675175084,33.16480000097752,105213.76607216834,19646.36144389139,19774.966566299187
0.0,48.550349999006464,0.0,9.19647449863115,0.0,10896.530650351844,214700.17258252096,3443.0205511757763
1148.2972728026612,1262.455467842479,0.0,907.0139362944471,0.0,15945.204342742172,0.0,38750.39905507838
0.0,0.0,0.0,21935.636226847688,0.0,16754.081716501598,176366.7336937986,2935.7050565714453
3802.09399400534,378.7005057075262,440.312141375645,50859.25205951617,178.7520999906348,18351.704907149717,0.0,22703.81073972595
0.0,107.01027291140484,0.0,369.86885307280846,0.0,19330.586931055375,6270.499373747627,11042.695155632893
552.4126448788929,5859.141474338579,1530.9143717379118,46225.13932651176,0.0,26623.273099802605,4317.468426775903,11847.177065971864
0.0,3320.64380239075,144.52468284452715,4700.440963535814,18.96967917114972,19839.03452000189,0.0,28178.14973176056
849.8804770375014,39580.137235469454,0.0,217632.38453653865,0.0,61878.94647499474,0.0,6479.652546140227
98.62225000057462,3956.571325994034,0.0,323.39089858751345,0.0,35206.89536625626,0.0,63282.383210612694
0.0,1534.889813743332,2853.256234290123,8412.034238665075,27.719794037934548,11615.77057573894,11109.719264741703,33213.076335933336
0.0,42697.46431029958,0.0,31276.219751397926,0.0,29735.527736158027,222951.29689658724,19777.864072733806
5156.30810704616,0.0,0.0,16460.4994456218,0.0,41337.10428304786,2496.81843483322,140041.90468543983
2112.1789076304385,3491.1243389376145,0.0,53005.58926111164,0.0,29043.92201232431,10888.500335730438,3478.4442335744443
4007.0879328716933,9202.04382265842,116.60650844775036,14408.44622409388,0.0,23025.22459024916,0.0,20110.587251230412
0.0,5066.114415472231,0.0,12445.434770383568,54.06491226080648,18621.77664073379,0.0,16224.539324030338
5468.925013979266,19429.7953212262,6338.052324375378,104420.72883181943,0.0,53873.06475690291,1040.7090838747688,37366.46726198037
0.0,3867.684063665418,0.0,36112.87431813301,0.0,27479.43244431319,2803.975022421565,9999.14964843279
8545.595504398476,125.77469030678736,44.01420856866551,15.856265250797325,1251.6698375787068,16699.6296883675,919.9560840415122,46661.47335786959
3577.224796271073,23362.098205940532,359.1423499936644,17246.307467826526,0.0,42148.796718120495,0.0,16259.682469769434
752.7536998784486,2513.4736338080193,0.0,0.0,0.0,20971.097712076356,2304.3356853910136,43332.06073863759
359.8329845013184,4972.222262475035,47.56333448764119,83140.58634734362,0.0,52931.5682272597,2667.7911994001697,12276.246228624253
310.96753448197524,5652.670397662761,0.0,18536.21047451787,0.0,5509.282431518851,0.0,1335.1991564028804
60.39999921500304,379.9745560893316,627.7993666397176,26358.780656571533,0.0,12899.921984534489,0.0,2265.112046519738
0.0,10398.188705055516,0.0,89501.07739234912,18388.7154499247,50450.04951685304,306464.80033086246,0.0
10321.92179067962,0.0,0.0,19364.77818681638,0.0,42778.05764889293,1443.4420451626925,16926.779876446282
0.0,7148.359795348776,201.99102841738124,3140.6968194526885,2.6908136741090543,17625.5013033447,0.0,56443.816978876996
0.0,298.86804404002936,0.0,39144.17612383135,0.0,26636.84023600516,81.25924010177705,15093.341004944295
0.0,3843.0138066653644,0.0,43159.87907431524,0.0,31451.50364599312,0.0,61587.71824484847
933.8496197376555,0.0,0.0,0.0,0.0,5814.8640185826725,0.0,2274.444615595528
0.0,616.1344269437861,0.0,0.0,82.94948819351265,19306.559554005395,557.8220321805983,45474.30154002211
3608.2547749959667,0.0,0.0,0.0,0.0,7673.522869246196,68.06066249705303,5848.698684386741
592.803532433984,3028.7577654707716,0.0,70710.65437061663,0.0,29367.83901288399,4583.515788204167,4296.766411535703
0.0,1613.4227391104662,0.0,674.2103195379816,0.0,18343.469126349763,0.0,21563.07950842407
412.0823908986128,21509.19060053223,0.0,30873.359753074456,0.0,23807.870707136084,8.089784768813946,13209.086880037317
0.0,5397.510734716585,0.0,0.0,0.0,39614.56913235949,0.0,113533.24047556453
0.0,9375.27787765222,0.0,0.0,1564.93334796823,34983.52122135048,0.0,47400.11121294233
0.0,9751.591010165712,374.9956765096018,55733.88614212804,1065.7549679183817,57757.78619774533,173493.6928250583,5235.521020019975
3010.97723442534,18680.77956512646,3969.4384573385046,19446.16899616212,0.0,16763.84509941321,9046.340455175496,3940.6850920471215
1589.682884075586,5360.936485303627,12.526528625080818,39902.84111549668,519.3339799940841,24684.49206324429,0.0,28044.03156065994
1153.366160721357,1290.773557630822,2067.026250014142,2882.940350848796,0.0,42767.372235099814,0.0,13715.413498323855
1528.1076183179866,1137.4316099103128,0.0,11764.84392102594,592.5461333636739,22925.152771700534,6216.128134733166,27432.746302920415
1666.0224885513371,1425.246989957819,0.0,128.84980823078985,16.801387388018366,24915.14014668106,68.48792469496004,50707.186108350434
0.0,0.0,0.0,499.5716753731789,0.0,5468.416898999665,108623.8609562439,0.0
10892.903584707592,3836.922889328407,5172.508885600088,27014.70969755844,4384.773959644412,26883.26310458909,49.6820619524853,2392.775348470702
3017.9756821101123,19647.256232871438,8895.460622629587,42094.872218045486,13184.507265892176,37816.22325281407,2286.7798473966805,14213.563683903903
0.0,10781.944752601823,0.0,12607.030071374624,0.0,13104.12619233145,0.0,18879.16469184488
0.0,2298.5883078059915,0.0,6478.026818939948,0.0,18066.871621477225,2269.691389270357,36801.587460709205
5801.849400904031,71652.45542424123,15124.74759708782,360729.37596981897,1954.8066800183824,176038.64518257856,94829.69807307357,59287.01526620239
0.0,4710.462665234419,0.0,30580.700276497868,0.0,34299.683675479886,3881.0312130856328,18118.354057086057
3425.471392347737,19887.75802590161,11.227780403124664,172.02577999989717,0.0,22549.720446321782,1559.506140087023,28739.141427501658
2686.1440351634974,4728.209972765099,814.2489345118697,0.0,85.4609753467942,22705.47512584246,544.2694505022021,41942.29830625752
792.6075064279917,423.6258976363314,0.0,3237.9602712643587,0.0,17623.9199410193,8654.857816153128,41401.48888817559
0.0,5800.066696337701,0.0,0.0,0.0,13202.8003189082,0.0,23976.905082300837
0.0,0.0,0.0,0.0,0.0,9792.906972954277,0.0,126.20926565063525
0.0,42864.534694835056,31650.96081832325,75259.23798947828,19.010600003563425,68507.03433605343,8577.591265672552,17867.572472589614
0.0,6333.477335042456,0.0,2991.4526400432487,0.0,18268.552712742883,4510.9244578088665,29705.726387636845
0.0,2413.750836147595,4117.966424526346,26309.80776000895,0.0,21737.05035808803,1096.188994975811,23986.85488835587
0.0,58.51849193675977,0.0,3934.42278071908,0.0,16112.389608127269,11069.258374177103,25310.568233292357
0.0,1723.9857030209034,0.0,10663.090019577056,0.0,13685.522278160386,192.33331669154688,14928.883288595604
0.0,1287.0361574358242,0.0,45621.05587203152,0.0,46014.82128867062,6924.179947807719,37854.3269979021
20481.513874486976,15049.016947654782,1033.6267899912912,30251.68106886738,0.0,39049.11308445886,17020.953305370844,6778.514414624046
0.0,8051.490213593164,0.0,20058.524193505466,0.0,15468.526676622458,5613.546175685447,1827.7346521636632
1371.032097165661,9143.23504573934,0.0,0.0,0.0,10852.855627217068,5145.681251535927,7637.142495421421
739.1795483514177,0.0,0.0,0.0,0.0,29269.259488955013,0.0,2552.7710820641937
10.739002131077264,11890.768306279142,0.0,41002.31893902712,0.0,19474.99600215181,2215.364800013433,7855.8728555812595
0.0,1228.7224513607032,0.0,7089.221840504795,0.0,19299.98622351336,112.82196009761424,34119.60459384367
0.0,3794.268753096623,0.0,0.0,0.0,5995.4153189786175,0.0,3124.945690752678
0.0,3276.8979850650485,0.0,18245.185340701024,0.0,24766.039609744275,300.2861191590619,44224.10527009926
291.1626566205812,3866.915464619514,0.0,64194.12372743848,0.0,34709.38693956726,79.75591191454662,26914.75773485234
0.0,744.8759204284224,1683.8261999453384,13472.64663180188,15.591799997847342,28510.900649512994,25511.436439736208,27819.398066463647
0.0,97.08327592148176,0.0,5148.805694085863,0.0,9565.821012329923,735.096999979589,12620.39410539893
0.0,2333.335062325038,850.990420219519,8424.787085089716,0.0,25477.333472303475,8930.375477558482,32742.271077699388
0.0,352.0264591347751,0.0,117.11950956928708,915.994099972962,13124.679739322795,0.0,23721.423568585826
0.0,3884.1962014759238,0.0,70673.1303332805,337.83712212530503,19863.053574310143,2194.0841664809213,11946.024112398887
41.5044054256149,2744.5720575235077,1122.1653453074905,669.5361554372633,42.18139999850783,39083.235433377675,172.99446129849872,68177.32230981064
833.2028500172744,5957.045018499704,6853.290402950145,3606.916553297796,0.0,24639.665305026752,7274.585321517647,16157.38889350793
0.0,2756.534894300976,0.0,292.75878621644523,0.0,16786.632365100588,3731.690947854653,36303.45590922551
0.0,714.0958616545113,607.1601500051343,12523.597082773093,0.0,27485.74532173558,25981.353512230748,21633.374094386716
12121.998403039834,15865.475680405278,8483.914191974243,33731.3412383873,0.0,27566.78369366693,10382.907607150486,8000.330832848346
2629.785127757252,12944.280394495407,0.0,211.4871822289076,0.0,20052.48249267814,0.0,49354.72896218613
0.0,37436.9626763382,0.0,25954.725818867755,0.0,27558.325038235267,521.1518124714864,8117.479670234734
131.7180773549098,3027.5997724119593,2360.726150040536,0.0,0.0,25320.360762714365,0.0,38497.447012643635
769.2032558333058,1376.4638000010361,0.0,39109.73489583975,1482.6265066499464,22428.805183195363,876.3696165609663,5299.548580569013
0.0,3142.525533820305,0.0,23521.980196273955,0.0,26865.018327912985,3149.955060192259,21889.505476879647
0.0,3121.8870483759624,0.0,47063.50023685007,0.0,36408.47156829256,4037.811375671397,19738.63353735293
20138.26600090987,8921.359686272173,0.0,47708.17665259661,0.0,14452.423963093212,43377.06800407044,23310.200451602872
953.6498860820295,1346.6091413822764,4794.950014432716,3453.4959242108075,0.0,31158.250331129835,4944.27399591498,39702.74459546916
0.0,4242.426501500551,0.0,4738.677072671272,0.0,18832.13055938294,476.0787913041855,22611.1067366804
2983.313627920049,12536.623096128616,4783.814904936225,32805.91254777185,0.0,24159.528346342482,1917.9965493415227,14893.181392722883
4026.2707610694624,7546.304737360804,785.0728314354666,48016.73802552332,0.0,33434.03601455263,0.0,19664.94290324782
196.37580294785505,583.3956971154635,0.0,36826.60506385332,0.0,27834.514266625458,5366.71617161928,10258.357148911211
0.0,561.6442499996517,0.0,12314.174921009528,0.0,7054.055670032665,121043.25565306378,1392.071580169963
0.0,316.2077199859682,0.0,23799.088035147168,0.0,26906.185521751675,5042.909967900957,26605.55448328864
11678.289860045441,0.0,0.0,0.0,0.0,14679.706819510408,0.0,38558.953922502995
15543.240970533976,2962.5890361363167,683.1920922553602,20182.44032870811,0.0,39832.725451631515,731.5880153578331,22776.5836388202
1114.627076525901,9359.87003398421,61.67372807349154,15618.611150474584,0.0,45472.652060220964,0.0,27522.159049084017
2270.501660166284,34229.71449480623,331.99362848199024,111072.47330057244,64.32245000529214,72401.85791376479,136117.1634354868,22599.603089577053
0.0,639.5101443256233,118.13688594060855,51727.03523494461,1328.883006473673,20699.88582310796,2143.528500022461,12101.556329934127
4342.641489242503,83848.70152886902,0.0,43477.16307525467,5386.931844944512,69974.06940625572,925.8498930411304,3732.914478841837
3814.339749677235,8384.151906232708,3944.3496840590687,13769.948227319646,39.9813999991551,28931.976973736222,0.0,16839.281717827384
471.85436758955706,18.48942844885157,756.4918164053357,11138.675083048947,201.19836737114773,27807.00403178957,4169.60205002908,15234.29713053896
0.0,1868.367621967492,23.767399997429365,53676.097876876185,0.0,39862.92897702908,9237.019756148826,2604.817961010984
11448.433282256354,3915.7488607967734,4342.15754284293,51987.85261477655,1008.1136720406256,54538.17795533903,2748.6286769460385,11376.980015763087
0.0,3431.0953264315363,0.0,32359.810089961327,0.0,14893.081266320523,2272.999317871436,5553.368472280032
3067.6983169539094,3118.3830325499343,2688.5194820372567,0.0,0.0,26813.412033686636,0.0,59857.50294531377
0.0,35355.8237708421,0.0,56848.71313964941,0.0,52093.02050936235,40835.31602040787,16958.424411008673
0.0,5260.23100561088,0.0,66703.6085251055,1729.6406151719862,32043.594842664454,6375.637749970256,5149.172029396861
652.5557732626095,3874.843919984547,3804.994162613889,20586.827969443824,23.74001168947845,55244.12082395043,0.0,19182.164054964152
0.0,2033.036799998928,0.0,5707.501755485206,0.0,9268.554714927315,0.0,63085.49010517472
4484.020171030214,9205.30777354676,2011.6514029786924,30127.600024181746,4165.949200317927,28196.76632306233,0.0,25687.734378567846
0.0,5031.22036757445,0.0,70711.94949337452,1534.490643475725,23472.932885216745,3829.746240897831,2393.843446232966
0.0,5970.120808000489,0.0,7.473320491975061,0.0,23805.62878699555,13175.61950864086,55577.31102408622
1499.6177612586175,6387.8268873803845,3922.319863659685,15639.529309923832,0.0,12937.053483123544,22618.807072350934,10915.38034356494
0.0,7690.229257199853,2146.630899903895,31988.39567981576,0.0,23820.254177119794,0.0,15385.186186215975
711.9186199959444,13993.837810512514,0.0,43891.54455126638,97.94447850912844,30543.059389405404,45253.22318536805,35336.31740831303
83.2796415756393,3565.276208676586,3468.7297142778652,41427.89536021458,0.0,30197.698041021697,3417.8550864796107,5080.523842718319
0.0,7829.051620874798,0.0,69733.817251848,0.0,28591.01415697535,16846.385678124414,4471.8822449964755
0.0,41694.20138881727,487.55594998027874,29504.66149813327,0.0,39793.952994390565,2753.5035341071343,33256.73084720106
1274.2005730857782,11493.010618492746,3211.0438868629362,26432.50802114722,41.67593395808197,37304.106506645985,2079.931079369593,41783.6314308899
2829.8340496793085,6419.93195702127,2760.998740613897,43155.45533773074,0.0,49532.655038729456,0.0,32145.07626071362
494.69996494269947,22625.540410796817,1082.5379749268232,74255.54665833023,77.27475000679121,47089.27095138894,13462.347462444735,15992.593927501903
3889.4606037619624,921.0676271445701,0.0,129480.59257346,0.0,39370.31364069059,41362.95308133042,3133.1594059469953
9550.34145304142,2349.153255171574,88.61027039932996,3109.6682622762687,346.2763659579215,95573.11313103308,5988.432151225751,53056.13320135755
1668.2509796221802,7505.842746756582,0.0,37547.11907518088,62.255112095084286,25890.625642472933,12146.3645229854,9909.885237684237
0.0,6317.459312437229,0.0,72871.05461221749,0.0,29447.098019560384,2483.918399967108,1633.0548978554427
0.0,4867.290570094651,0.0,41009.46571551008,0.0,29854.645386180455,9306.422051410878,35187.27910781138
0.0,234.8031789562974,6444.767752959886,20374.70661560033,0.0,42713.66372874653,0.0,17633.529655121438
0.0,5921.3026734018085,27832.560371454343,43191.41428333633,43.58520000077337,74278.41583457643,15941.616891813268,21410.428279256488
3293.194915349804,5492.5089698634665,0.0,93161.7788760823,0.0,36129.81509778564,0.0,2056.6495499789444
1606.4364889299934,6354.610386267052,596.9179499969298,32899.32590290439,0.0,65571.84590388321,23126.261998115067,60812.509263412256
0.0,2913.454678217561,1289.27191308218,45443.587052570045,0.0,35543.48507119478,0.0,25502.339415543727
12556.671144885862,22083.006893521684,8735.00701561057,118627.66329285275,286.13726500064604,122334.26461489007,263.244829744313,69850.04047183071
2480.8749999809406,9666.65002348541,9464.39683128161,41014.53197012472,1198.247758898742,28446.208358947813,9454.877130103796,11075.960796483538
0.0,1174.0297500136364,0.0,69051.8430122477,103.91550000118372,38243.32629339047,115792.73127359472,1122.4047602459527
2888.684064061049,19048.528319105262,3706.595608591836,77520.78165583103,40.64522101838027,51995.56760940377,15421.269724860196,24095.109166220333
11016.812527080325,21031.345827931185,0.0,66363.16872107347,41.28409999886211,40965.81747301303,9405.485801527791,14202.408190127848
5349.319803480375,33477.727610361915,11482.047726408397,214211.75308457308,61.299200007416495,131489.62028170022,11873.749482065585,51335.07971512464
0.0,13925.761155745871,0.0,37511.472383468725,0.0,22949.499309791274,4247.098664572266,6104.99444173586
0.0,28992.8123667725,0.0,20853.478327382072,888.7312999938464,16732.804364537456,688.7173077696956,6040.346381064655
9567.025211215316,11389.31724356562,1328.7293771208688,96934.17951889588,115.51060000847616,56431.65837212359,3723.071559854992,28921.583947876363
0.0,24861.987331956938,0.0,44009.788007335264,66.05295000281575,30411.17747015916,35.64781138294645,13758.634944207675
5513.719786227011,12898.947059564713,0.0,42858.38620478189,11370.332855076698,19721.729297841528,54204.19029903212,1971.833209678331
6773.724055787336,6716.957028285135,9440.463093269747,109402.06679233006,12708.709931267278,55263.86202571161,17506.654298188885,2750.3088391571223
2643.1780692885764,25653.01670858765,0.0,105575.66422721713,37.38661736369401,44350.0759446532,13767.906511491774,17153.801939738518
336.6347842126709,4312.792875099197,2480.2289956834147,103588.72106089674,145.05062528471484,58183.93744052925,3618.484652482676,927.2029217665863
3647.527401256163,4177.596257635154,14234.33400706731,91695.09963149884,48.86060194548344,56891.92912796182,535.293269872921,12529.150266757579
0.0,9198.728359282744,0.0,80123.24854737337,133.72915801668566,35174.12145103756,1445.8339999956115,3119.8920500019244
18984.965359477086,29.914063694890583,0.0,27510.61149812577,442.505729247092,69593.01040977059,0.0,46773.00153477238
162.26621331421984,55424.43884897051,0.0,411169.2210487514,1294.3882048012354,183229.98201118776,272372.8266449915,20088.2208314465
17493.36814843683,7771.716365788513,9315.997097442252,64792.197589622425,174.74004999547154,50325.2371605142,1431.555500011819,48748.95128586155
935.1463462324728,14696.351528060615,0.0,59135.83087447864,0.0,36499.37646195106,71787.81857440766,8225.060722012344
380.8761500095598,7710.3440258439205,4267.304759823943,154528.6122800634,0.0,76855.64623905123,2874.204549975904,3123.3389328994713
1303.0451000216533,13298.418961546668,0.0,78987.38810545932,3821.9990963004952,45112.92788574482,15040.977095609316,12877.30253978736
0.0,1873.6705364622158,1824.432767703703,18597.57551869881,0.0,22371.621703109744,1054.491601935201,24457.56742665099
1321.643015726561,14374.8272009423,15195.744158165002,104999.3012664446,80.89474999682606,113599.63302331064,9874.455736560656,28460.51348379424
0.0,18997.678390969075,0.0,52428.45830826904,0.0,23042.92702749503,11848.166015111234,3581.307771115322
0.0,8.714189299879008,0.0,2125.733248558724,0.0,7521.176118749559,0.0,12706.149294790908
2784.565584993921,20596.676706054004,14242.00288151544,107103.19135968992,39.33739999152944,80270.43853296431,21580.691194746607,16870.77309973965
237604.7877444126,31688.38512746962,92225.86308653138,123525.7385777266,104761.71687505642,320418.6070561413,41663.1425037726,74657.49247417261
241.89934999788704,20226.41277694773,0.0,46682.14282115963,23.3949499963142,29440.60556346397,394.10198781437714,14713.08916894799
1118.5847481046123,16810.58417240558,0.0,106477.0915664404,1719.5238947310231,57629.779942736706,5308.5627996785015,13979.091787580832
9110.461461097731,6386.464880014721,25891.88302869004,43755.41850075124,0.0,34172.29742785573,6328.724922525904,4876.771609059487
3000.630032220712,9593.02858572267,699.7629445428972,68954.76203678467,0.0,45387.421272089836,2655.609244934764,20067.964631891184
42718.04567947956,4640.867847058926,9306.336921494958,23473.225039213445,0.0,21844.87900894029,15715.954185003977,12865.098569942642
0.0,76585.31566309617,0.0,44860.989615930666,3756.204653678196,21056.65350179604,2245.381454528019,1963.6286731137184
3318.0585106703306,9997.576248342379,0.0,60382.87400149523,923.1902999927828,30360.386281778705,5073.626350015628,7669.540373520631
40284.07099098258,449.8617000026295,0.0,468.23369310488096,0.0,72503.78719329245,110.6710126429258,38245.732519696394
25328.249815106472,22828.894752720826,14865.70399458457,95307.02387731118,3306.6143853438616,106648.02782380325,10576.67833647828,16001.346991390641
13818.130901027544,26679.983954426654,54537.26994010933,166495.90014372097,480.02791290913746,132522.96322072798,12029.68396097908,6481.622089429424
4705.3414717332125,20340.83474656731,0.0,43235.16944046189,0.0,23274.8039590902,5009.24916107267,6864.994894781971
419.5472196082303,16824.78334093295,2143.354591360111,78389.19172632658,60.01252618824526,40266.803971048175,14223.93740308402,3394.8875035531255
8604.83905436038,14041.330560408333,12601.664344342942,108063.48799634316,93.07793493347376,49538.505768929754,3986.919971001531,14032.78499836076
5331.75185945336,3318.0906284591956,7257.4839313011635,47842.45447490353,73.46933239725709,41093.702571196336,0.0,31965.2127695913
0.0,9187.359509165279,1260.81177142837,75159.79449838653,0.0,32640.602643983784,2380.593208201673,4960.965465306836
3259.3601804908026,38550.98157867245,2042.853150035673,99166.67915549528,29.3205618134174,62183.96211427354,133442.4243155193,6728.030824397429
1405.8153000130994,14376.815487021744,0.0,70810.68623156587,0.0,36412.67772900689,1718.0637993381888,28271.34401018716
3743.915527224345,15718.039185268892,0.0,85009.63139748915,33.33384999640994,33814.6303444088,10922.141557363617,3707.5310731764357
2696.01000083277,14338.854874233868,14956.457483663318,55732.11679122957,9272.678590899672,27745.40635849457,36771.30155042316,1081.4775189868558
3846.844645616112,1104.825102425202,0.0,14732.593314008942,0.0,21624.410936950524,0.0,40140.41771555282
0.0,11963.24305424779,402.2787893219288,53841.69761364124,22.040000000474976,22243.263884944983,8218.454757516538,2584.805389215353
3627.581090323175,2878.255575052219,1791.7687123640449,12768.78490027834,0.0,17005.553752372478,0.0,32104.325108859986
9891.426503187551,1235.8807449373005,505.1763689071104,0.0,0.0,11374.313238418536,0.0,22185.616861767932
1811.1563500164052,21313.000061316794,11954.000947614555,106002.69621965337,402.5612798330829,83707.0367678231,21050.286248735447,8006.73826395317
1892.8114149959413,16631.657145350695,10204.45212488008,60473.90681365607,0.0,39179.58733832109,5694.856878678594,3836.5678128332647
816.656818075956,12622.089853655576,10096.84219885966,51536.16745506991,13221.71574147999,52099.38678169486,0.0,36645.93311587158
0.0,9113.051742854852,52.906891769962996,30005.9117962729,0.0,21077.737687298384,483.6048999922792,11345.788198031765
0.0,0.0,0.0,7451.638085522526,0.0,20599.839870119187,10879.272236019862,22507.13307831064
1267.022869801175,0.0,0.0,90968.50867777364,55.60764999508988,41529.20872268091,0.0,5058.485655009305
0.0,20534.778507390747,0.0,82299.12791495495,15.373897616960528,80450.62733478358,5857.058293883939,37508.34835363163
569.3926291614251,11773.19918766219,0.0,94074.4737376574,0.0,39883.88129173031,0.0,20918.407627526296
1758.3863817067836,7709.153119110938,0.0,86542.71737190262,21.263110712375497,54393.85823931972,45541.90408488053,6494.039442634256
450.15234999942004,59626.08511272491,329530.52817570115,174512.95586445762,59786.456014606345,232195.36972387094,45701.05106792145,17224.890248182895
933.3922283697472,34832.9064694467,817.0950456671785,106276.75749704744,1808.633950858946,66131.70534040559,11440.431546694708,2551.332158682502
0.0,2304.2573389963545,0.0,74694.57788874125,2558.0302938617306,40307.50907112433,207294.884648164,4754.450516925668
142.20087578886663,12443.228602209707,0.0,52925.68310334234,9.147599996922166,40126.746482285846,49018.89131418564,6587.881893015925
14395.077183716356,40066.12819116205,3794.6117957795213,97659.6663691889,34.077652892810256,62028.59071235357,30232.554923006475,2972.1280203284728
0.0,197.67192500054725,0.0,43361.79764758388,0.0,35818.21744421331,169968.59160944397,14410.735189154499
47314.92965639161,746.6034947781171,13099.988607708767,51039.23022893277,464.29470000379456,90746.41039193686,0.0,1814.7746918465034
0.0,2592.8670824958376,0.0,42215.48604679541,1052.8685452169384,31682.408205742,4621.524588308195,9572.78727483236
0.0,1601.6577970189885,167.8220481398492,1417.8915391647956,40.26260000483374,12332.604651908408,0.0,26780.762007629233
278.53284999857806,8107.393231348362,0.0,52938.86189654466,0.0,24863.66745227862,6962.296992207817,10471.816099031792
2320.116916997597,15319.620538903895,25715.299248251362,54983.209949537,961.047405590529,81019.9958610822,1123.6447396782028,7470.3211867125165
1156.931302514367,5656.233733262901,0.0,91626.400736499,74.02267326805448,57379.39254517849,79830.15533620541,7573.560974784602
4454.950245888786,0.0,0.0,0.0,0.0,35484.26885025504,6451.749369828896,23941.98629385117
0.0,18557.851000810268,1044.7058051864904,61569.99672877311,118.58034999962116,29520.96304522473,13810.192295654912,9366.796991027086
4455.307848464452,9822.326494696226,684.7510068005938,43853.7419712104,23.50915000041984,25315.30796226464,4939.709634158946,51798.69165326247
1223.0143000105645,5744.123636887953,1808.661650374416,52145.49510390976,0.0,50501.03562954846,30915.49106671777,7581.552498258889
0.0,18301.508270735438,158.67513845453163,25210.370158166857,730.681800852078,18460.58463764378,1602.842601551805,51791.60719286355
626.6477321131395,9830.36959955402,1268.0028553096045,52046.57025618589,0.0,35461.546920714296,5374.833945550089,25468.08722594985
16424.797615166695,5421.016454286525,10018.92832279721,33700.17486114765,82.95057312117817,100514.0000670978,9657.58335287723,36830.23900142843
4779.014805830628,5377.874778613902,6845.259754468647,39410.66589835395,0.0,38515.502460267366,3253.2327724335496,27605.55279959317
4548.095755979273,10348.266384220831,0.0,96925.75220063416,41.1655000001276,79870.08953652442,172470.98717972307,14569.428757662306
0.0,1284.223422849633,0.0,2378.61698043158,23.90630000765789,43426.59237066869,119507.09453725615,94944.27019275418
6294.169434015692,15041.334021100942,4261.624617311046,115961.7199925678,376.9044335332935,81964.08193190585,18298.82204008381,6654.8711467694775
14.617940154377584,5468.499776684091,0.0,56567.89571826883,0.0,25956.72798175219,22638.402398145576,523.9190936570767
0.0,417.42205441178805,0.0,34196.673809505315,0.0,15362.016605296978,2340.872868155798,8351.444702126777
5794.604352962319,393.61885224235425,3788.423807060191,38481.42947247197,199.71047607187023,37901.10163486083,0.0,33132.2927037389
0.0,3455.288557480358,0.0,0.0,0.0,14975.441315168127,0.0,28038.251724051235
55374.75197306965,3699.2665317673336,53090.46604710959,51339.944307474936,2400.349225758824,145480.05727961127,27066.639604718184,89671.58908872333
0.0,13176.461052245217,96.19443549606754,23591.19830706061,0.0,31540.2106445052,3459.840244580714,15407.544351421871
995.9372900025324,2270.993157364819,0.0,47453.1297485769,0.0,21070.76554406755,242.19204953322483,2336.455341754538
1751.532979821095,23599.05674890533,968.0077704189692,60804.30007629357,0.0,31482.406716709836,27711.815287381603,8142.185211347971
17677.829421321316,5879.75377328136,40353.36335986052,3452.0821745545454,0.0,84094.04776534524,4835.062351288818,49853.79755552362
242.5742499733232,3781.1825821587317,59.90773823234247,26377.33145832321,299.42653791942826,30506.45081228931,1501.1858514447829,5097.908876905907
0.0,9318.148969089718,104.14104999999498,93111.5535561916,38.80100000413694,62011.288245803786,0.0,16778.47034878813
23223.31153976021,17923.789828737812,154254.35453492182,157647.528255015,12409.39783730582,264735.8653136248,27879.68949267649,75030.36542506363
26296.462141568976,3232.891426180002,2621.309004213969,27575.90676275059,634.579399995701,62830.27877087598,2037.092899987,40807.9018202476
194.29756209508545,8534.689047045493,11312.744393853289,0.0,0.0,15456.44339349706,1826.014074859677,14042.7272777116
0.0,1932.908400013264,0.0,7987.4912281292445,204.38565999551508,20867.746167907528,6869.013701773742,21210.74989257161
0.0,1084.6025460982887,0.0,70821.58761002493,0.0,20140.4032879689,58631.38510504547,5425.640231155849
0.0,2512.594377256709,0.0,61406.31306924454,0.0,32971.65382277596,24022.404816959177,205.8836808240226
23291.77939242858,36194.26940013007,0.0,82745.87819569152,40.282216641393056,39323.37570807486,30225.458437485348,1699.45364014785
1535.3879113095943,2369.115249647915,0.0,0.0,0.0,13039.72659379399,1276.607077035069,18054.627756893686
7672.761475012711,4449.777089673089,0.0,51193.29768081458,1999.3425500014232,54385.20402169337,2860.770993218288,36280.20337209228
0.0,18055.02319102172,0.0,0.0,0.0,12046.639086929532,0.0,800.6435353484105
2580.6463564495393,22784.777566259283,5458.126830146841,48469.6767296866,11315.921602976734,32754.59443294408,2919.450281830253,13151.454883690412
103808.53007076163,125.08378501906654,3102.201690459371,57528.51888732693,0.0,69909.00296976106,12826.18297076912,61372.3145340892
0.0,14342.343106072865,0.0,27526.3996144459,1028.3094468482832,23220.502503003194,0.0,15464.004308821046
69.32151579392159,5347.741251798645,0.0,56905.24317242719,25.622200000339376,21758.74746568904,0.0,11976.860398318011
4361.843335259692,186.0932500002924,0.0,0.0,0.0,31849.828360802472,9171.627027634257,25438.62414941174
5711.441714609095,0.0,0.0,15574.806256465374,0.0,39677.63619618514,3217.1409721491164,38244.787107144686
0.0,5022.165115392849,854.2046924073536,21111.03834199665,26.808100001961552,27565.267832198348,206.51465762916143,39794.09541429288
0.0,35448.42114617916,0.0,73898.53063473426,13.441800002960305,29432.645914453384,0.0,12991.81062378634
15459.551763299642,11077.017060750459,13999.999114527896,138056.10153454804,0.0,93333.07112535139,4572.735183722793,30490.929680931196
0.0,18542.25955641677,3434.580796969064,127789.6212162453,285.24322075244504,79681.68349452344,23592.03451144009,52189.94066555042
3845.2649000029332,17925.294852371677,0.0,89519.51128176997,0.0,47462.26561112912,12157.745292064152,16479.285785083306
0.0,5073.71543297911,3077.5587473910905,13487.059551046266,857.6249400182575,16753.731342149164,1508.3589375856782,7991.796278672717
1936.5633360869735,4558.878787785132,6815.170950001042,0.0,0.0,31640.68136489154,880.1179000134863,45605.95267079999
8115.816206541932,34912.41994700099,0.0,247253.4521032824,38.807800000070415,102401.60634901535,24013.508468438544,23771.321606517326
0.0,12225.834200112738,0.0,37871.598068439096,0.0,35731.890330734066,0.0,28185.15548303047
0.0,18091.330246307985,0.0,0.0,0.0,18937.219438831835,20670.949131404715,47663.85248170764
0.0,4818.835549558987,0.0,45602.09307598757,3759.8448000208878,23836.371370526183,0.0,9942.312226189539
17506.95848470412,2055.4319784365216,0.0,66244.11095442284,0.0,33772.89791981364,74298.52682266617,0.0
0.0,933.9443231672204,0.0,3.370190803768988,0.0,30442.593922513464,0.0,55248.07443732274
934.8940962817632,21582.80069177652,119.2575773151242,23109.512520603344,0.0,18319.863228818173,2693.414583027096,15952.126709152064
0.0,431.1491499982964,0.0,83997.68956239568,0.0,31860.191117428778,0.0,7406.870030221513
0.0,4013.8092705654053,0.0,30771.902468523946,0.0,27452.027866343906,39546.95357257936,6484.993984675933
1444.637431759975,17244.32482465576,3390.2529894952895,103720.21490132251,907.058332556154,58019.09071299057,17010.846850249254,60488.92960041773
0.0,587.0261499876227,0.0,23654.21264172101,0.0,11650.138404754125,562.23639802924,2806.479545503713
939.2809717515092,1766.3923849318394,153.3499790553883,9611.82654154213,19.062038309056533,18767.172862155527,0.0,21063.31953116677
0.0,2528.065240129911,0.0,0.0,32.28691181464736,9891.01962321842,113.91538651615345,14442.43535226148
10435.671837129106,18363.669721004644,10589.386631349344,25684.34739241038,0.0,45586.00560491864,2864.050473387888,76529.66250752613
436.2483083847056,11217.560079751733,3452.779333308587,57085.025264662094,37.076099994255785,28308.75414058112,11251.375884701296,10980.454409495947
0.0,3036.700563738327,3489.7857876569733,86595.728626233,90.8024500047939,35499.892044893764,556.979453471315,7912.632765673087
11201.711196907369,27922.398462406807,284.61849034612385,118204.45049972551,56.23069999989886,73378.7733294578,0.0,47587.90840206292
2130.283223507348,8002.835957066509,928.3167956739052,83873.55942408959,183.04749999602325,58454.37213427775,4740.282777990993,20547.837551375287
35895.432447356725,14231.2554896455,8060.889473504522,70589.29150028616,15.70029999975376,83758.74190616873,15698.935540697648,53350.876464065324
52803.23360998779,100061.5950973503,66413.74802738817,306226.1796869438,138007.50330695554,366878.1924590822,76045.56762291,351795.8420920238
0.0,10007.844596833816,896.3288499961071,98822.61630091952,0.0,35039.85070691026,6443.050395467427,26062.674806980423
1870.3760500065423,8000.2614125141245,342.0123500194387,101733.93919845532,0.0,41236.137519215285,2506.932725022752,9095.41045134276
0.0,7747.813591321139,6937.852295135186,66857.69854639805,1025.4736894830971,37585.85632129431,6647.358594416884,23735.740827817688
212.50645000071285,13585.045854838245,113.64337192960532,16975.606520548565,0.0,32506.97152468191,0.0,23550.268269708853
0.0,10271.779306954808,0.0,89996.71072515944,3.2773499979019167,31177.950647648453,11523.673135075924,4504.588862437151
13556.327419010002,7300.903717583074,0.0,18232.491868960904,952.7272240807506,23835.983715052815,24849.95980859548,40027.69555167213
0.0,13790.578923631332,970.0049728023747,29050.48671228239,889.779832804891,26323.317275745285,1149.814064984291,19997.728640296962
834.7322390665944,8278.894542292826,0.0,127794.64886557622,22.059949998749605,49697.47885805205,0.0,15027.497634917157
0.0,5510.361013500786,0.0,54406.26777645296,0.0,30595.615440680638,3600.98971934451,3238.430043464676
0.0,364.56274930420733,0.0,73746.26309218716,0.0,36424.93578968603,6802.183743494253,7852.456399249782
2008.9783349855988,17050.209352119353,3554.497677874427,211770.5987231652,60.78120000665187,99183.75739606796,22854.83345893292,13687.28073843231
268.69041254296286,0.0,44.43505000629351,12623.91890835874,3760.6882122210727,33975.61863966903,9116.378283838514,29308.0405941514
9459.065915336856,15128.23869283971,25697.770319287996,233185.05848228355,34.393615917410855,184882.05799210985,18850.02968063597,194111.4680776914
0.0,17524.260376434424,33.574949996654134,258604.27947346013,21625.691202037775,76928.0461148682,2054.069550026861,20340.9839418485
610.5051529988814,12830.17081609202,491.4565950581196,90023.80314509224,67.14532723072813,47396.00393762097,0.0,13500.14203979242
7810.7540429824785,725.6708985507724,511.58510000066144,50733.21562142564,17.00440000288598,29683.464145695736,0.0,15808.866151642063
0.0,249.56474511111827,2.820227941156541,56471.39587159707,0.0,30291.612949357215,40099.54747567444,3932.0967653656935
0.0,6700.44815252924,0.0,79326.67046146122,16.58080000314936,31478.66725149339,5128.198976835775,3997.628022110666
332.87784631265004,2503.877519911253,0.0,65197.83428007533,20.56764999596998,28156.990360795324,572.290599987228,7423.6412105927975
0.0,6572.158151048582,14307.738773807236,27450.2055661755,112.23025001119728,60013.31857351532,11272.444440800056,29871.38536688015
0.0,1661.9624404745816,0.0,65683.26935590517,0.0,34760.76995248158,28076.043562800165,5070.53118396139
0.0,111.50452827949036,0.0,61197.89198630767,0.0,30486.4738697113,11029.45282033984,646.2179200083214
44.46949439859185,17410.577305737348,4691.113649612802,73623.55802466562,0.0,36388.21711655649,53045.36303402479,24418.55196822976
0.0,1851.959099993125,0.0,16318.137679696618,0.0,12256.43751251076,109003.12516730788,1190.5844054582433
1300.6955800212168,11122.139825738663,0.0,62950.58248271869,159.314417995324,33594.413214313936,12513.824472396773,29118.22032919828
1977.6379553099027,2118.4602499784382,495.341704143123,79641.87034481474,0.0,64719.39213850809,0.0,381.8585254613184
8951.553335374196,0.0,10694.36288153442,77497.68446155034,156.01014800650483,35470.39373181811,15724.336882236608,16932.316952446254
414.4572995717687,0.0,11533.588275051685,18499.260999867536,11395.403329146455,24837.69200472298,0.0,12250.561119532053
6222.253437159127,25286.269712702564,9389.675956467983,124667.33972451312,0.0,49367.79211473494,740.6363496045676,23097.742207089148
75819.49362437884,6925.006603017511,26275.11822555781,56040.75701137711,0.0,77369.04972815138,0.0,16965.795511862187
3013.449169748177,16536.115750053174,0.0,62115.90437842376,59.22315000100006,79325.77352832809,26869.11689823572,12768.810021413188
0.0,1291.4789047461095,0.0,61951.28870251728,330.3536510516707,39229.81495324986,0.0,19226.859179550145
1551.8085999671637,17435.651928736523,72.62277599618572,108931.85405924628,180.72324998612697,42804.32711897966,8899.025090898214,57425.5163700582
0.0,9337.576631124852,0.0,71608.54151553895,5154.585261989223,25120.74384528484,13028.140832046322,26664.46930068793
9282.76421814458,8388.749770079,20901.030327896915,39817.71691142592,0.0,23249.62292430289,19152.769959936853,22888.641836440467
20338.809989429617,54086.44489928486,0.0,271633.7435726952,3960.852121753185,165549.2348402987,182952.14594985195,65048.66048076572
0.0,23464.645128041277,0.0,58524.59378852717,0.0,64538.94132894849,841.8060465861063,3538.701200017472
0.0,3918.8812680944066,0.0,101306.45061402886,1347.692487904281,47726.88452955,0.0,27617.048423031018
18.93762299681157,416.4697626524478,66080.12993425687,27164.793942301832,0.0,101613.65824708741,561.1534960999709,10596.541754122183
2.9950653994324887,27648.62057502541,909.5054357045224,0.0,41.10084999697712,19381.2052707732,33609.715134951155,29687.619431276456
4087.9552698363013,23987.50397602309,7072.638814537922,52392.18558105443,159.83179205020852,45391.92496027437,55.87858123363568,17855.524246861027
1038.876570249875,3886.3375026572703,3575.261406087213,77031.45123467862,0.0,70331.82851237347,7830.769322481176,14345.94432663951
27938.6302242717,10052.862768061836,226.5045043388902,170826.24302037485,0.0,86003.12105569345,30680.60272719912,190004.74818239547
0.0,5950.94611617973,4441.668755922513,10378.843256883589,268.7738920011664,28014.75742596204,415.4733663211472,27436.297409356222
911.4770950059192,3407.018487728039,0.0,42517.210590143404,0.0,44058.08606985929,84598.34274003407,27839.018340075734
0.0,8439.161428243342,316.73866843138904,108036.38957526562,0.0,45573.46481078285,0.0,6693.514493822786
892.5542306692503,16894.55520092663,2253.033200000127,38686.95323134486,0.0,18731.709308537644,56083.96020045462,0.0
0.0,8834.669280179947,0.0,74831.38006581223,242.4849924114845,37680.343246768454,23.927646585245803,12214.12369396309
0.0,38158.55022764919,4497.963183145997,203727.8853009143,20.691299997194484,117156.40761967364,19214.319057116794,20264.689441043018
0.0,3059.8466686281836,0.0,37046.44409678813,56.78430000145156,19815.663224027343,10961.203845122704,4301.33540108544
28935.934019534503,4455.418550783887,3651.2946240894057,10416.439827859132,0.0,28583.410324206016,0.0,20616.721731270103
755.1451180075339,12888.130569644076,535.6898772708362,70166.26549788995,25.93279999343473,58578.525328238684,7670.052642718689,16507.033741297026
0.0,31428.49630480841,0.0,103625.15964409005,0.0,36994.340050660954,16263.072556575278,12952.250955653426
0.0,6123.48418716378,0.0,119310.5035365128,2610.3494841535967,43473.19235239325,0.0,23989.7009550614
4749.37368163964,141041.84904951102,0.0,26024.446307030543,10.58949999811314,15919.347751371664,1179.4787036408557,1633.3219427760714
0.0,10931.172474169154,60.99780895609906,129884.11447944536,217.07284998957684,57206.49329016902,799.1800699906212,15315.763333989435
0.0,7988.4940028537885,0.0,52122.38462852693,28.884899999897367,27376.60162537071,198336.03827161985,2063.6708972374117
1639.087073987822,2519.196546432666,0.0,0.0,0.0,54613.80982595712,634.7817782357165,36134.42751063186
0.0,12739.209524411464,21864.123438604347,48268.59464811739,0.0,91951.9429817161,0.0,20208.970548597255
0.0,5018.093479686204,0.0,57757.18100667167,0.0,33131.727794300576,2211.998880027766,13138.057111731985
0.0,4185.682607265155,1357.378971422731,101207.19158430316,0.0,46857.342218480364,13145.012653529366,3744.583824301432
1232.7810126227855,442.6637475295047,440.9802499726452,61291.34277095091,29.71014999828432,23338.41218098625,9262.461976673663,1256.997878544065
567.4811969908841,15695.55833910717,49.32560000547729,60022.88230305568,0.0,28677.46390669405,59576.677813857954,11102.067892748375
6195.336640558972,341.64102758547443,3718.1637193600495,1165.8338519420504,53043.56575803392,37396.60709743279,0.0,29386.30137761028
0.0,3236.4348290438534,140.3478120612922,119278.4317145074,0.0,65267.59551529553,9539.33650507991,25790.303492521518
18788.856743767654,198922.41047318076,18520.236271554757,448699.6554557897,163.77654499894294,349747.8402976982,21850.502068984893,191573.48698024746
0.0,7975.292464086853,0.0,105751.1972716248,0.0,49296.64775225553,671.0809378872418,4594.618707213627
1450.2109450241255,6618.484695739848,910.250597986223,139031.7009033457,0.0,64529.48104572125,561.5099500073597,18511.26190723978
4866.661099990871,15269.877184405363,9188.939108065511,74688.10166494813,310.99491650431315,56633.56577554966,924.7133289785008,15967.12403896737
0.0,8623.576635763162,4552.23709857444,83859.54854335044,54.71746932425327,42497.61918795713,8693.129111438098,24053.225741159782
0.0,19285.88416062392,197.18890000089667,95908.23897339536,0.0,62024.31497357783,12419.09748011881,29454.95339995815
4252.230573726615,0.0,1904.1347149492733,73480.37315013853,0.0,28179.970780427022,2188.355552589723,5194.778690100836
21038.522352573964,13548.94682834408,857.5651149709583,166912.60799101862,0.0,69776.38795565524,657.8559220934831,34797.54153358181
0.0,6035.14505604919,7971.7847424476395,152420.8328955864,0.0,55580.942239700154,1477.1344000199665,5496.404200142273
0.0,1714.629075841352,0.0,76055.64979265188,0.0,29224.43088587712,0.0,7617.963854020406
0.0,13103.201891449988,0.0,78284.38695109657,0.0,26117.76238462462,147.15398499377346,1696.1413184054506
266.82218782342426,17652.81589930689,5220.809726990878,64055.8119794088,190.26559998707904,38604.38117863714,271.14821635648474,36595.196515851465
40113.40642448053,13734.88746438361,0.0,83624.18384484488,0.0,43039.55068184941,47927.35317850231,80858.16718468886
11830.330554251632,71090.08089602031,1479.994647168346,78505.9406550722,3270.584326255835,128620.78209254211,4334.63827117004,21482.104437111273
0.0,7846.329459503097,0.0,68196.45382900609,1500.699423098951,74859.96418088506,4281.161872772251,34021.00044959244
9003.55672451129,10235.529804728047,24876.18178389092,186103.9047655936,313.552749506061,97066.054469056,90235.70490573852,104344.05471890632
3228.7571538044954,3819.465806023786,26366.633268582387,51468.10299000256,922.0433884895044,35489.00147466005,0.0,27170.24454473
1115.2504561139883,18646.50522765255,12847.599944684325,49179.06112457494,15.324700002439506,37208.01734778568,12476.522076496103,13579.149295479587
867.0658299818945,2927.3479189661525,0.0,34211.542116873425,20.68652730828647,25912.323275696683,10677.571402523728,38259.40753765011
0.0,9005.272598604566,0.0,149461.99495166456,19029.58844523773,113226.11285161588,58555.398674947806,13571.9272832068
0.0,10759.341192883818,19534.10807877958,60734.662920746494,11.686099996169656,55768.389827673804,4710.17277100437,2511.01932651233
310.03889998885006,6477.925729537778,1426.840080994394,74688.25983954937,21.784600001358985,62124.0379794567,14415.940563194072,30166.592543792794
9277.890291931333,10085.019525651314,31391.994221449626,105715.94079889322,8702.219870782134,132879.71416710093,199538.6222795415,16554.596741054447
593.2364846337802,6634.488225722578,0.0,87348.1387891083,7.579332674187165,38368.75791961356,765.4953406443495,35771.99509531795
2188.423596480239,28289.89596202854,0.0,355805.0577814853,0.0,102310.62145000251,6265.033414613015,16309.007825753928
19668.603646203104,40752.08096592436,7546.548400298343,221883.5056825157,71.0226790599068,130074.35682709569,15170.422268177012,79685.45697586413
615.3915394978251,51233.25787186715,260.1543000060197,31052.9458118865,19050.41010487517,17399.68051782813,689.2130718591991,4842.014519998521
1140.7125518024789,15399.650684167713,201.5771392497541,165702.83957672867,34.386600000510555,72700.01462553159,47707.4662564469,6356.43277752064
0.0,13033.453584053408,313.7264335037437,186184.93755253372,0.0,73528.87935537538,1501.0070190967076,4716.165303650398
6594.564195168828,1274.6652982932744,0.0,71621.74824842172,113.80494913398825,37258.05589636316,1323.494654756514,3585.226607754643
446.6427499740236,6312.923720951,0.0,61874.40214929401,37.454549996774446,22373.627984559997,0.0,6926.438866160719
2322.147049976262,13091.115703948983,2351.9662227205013,51140.42754954055,807.9546677641805,33277.42892462671,12218.012035331343,21526.124795150878
0.0,17341.96539280702,0.0,70021.30175501564,0.0,42374.83081335421,9660.54713485072,10686.203130327001
6355.656191521057,1699.2457625646343,714.0952923549012,143.7771153346238,0.0,20988.511742507384,127.31142499712364,36135.46611301427
109.35230000054908,50438.6849072351,0.0,340544.70898424275,0.0,98227.01703403064,7542.016983978123,14495.517064849511
10347.914909577195,3154.9954536209284,0.0,225335.21090425696,25.702631928993725,86565.0037609082,163.63086597699322,18228.664585875693
8013.4902788769705,22326.911192351046,7470.424510847797,7518.276183526321,95.2495519667927,55966.09458283195,3644.2092778371216,24280.100940781165
0.0,16133.194390322691,0.0,25120.080376428738,39917.75432373364,23906.736019157677,0.0,3477.7249299859136
0.0,4257.183536416184,0.0,47299.46149761255,139.27845465669247,30052.50970446505,919.6747659841492,18194.801146745867
396.0358653630045,4841.158802647415,0.0,81031.54871670611,2049.6761127016343,31472.883752440546,0.0,19015.654423040087
0.0,959.8408500919293,0.0,65212.17620931062,14.404488413089643,33588.98125704442,18611.99340126533,3728.614693675091
1017.1640499942264,9594.995247336483,0.0,47140.6189262583,24664.09656373164,20826.670680405794,3198.935875607005,18887.20426621078
212.1364178696591,3902.325734410949,4160.34494631652,46330.68253081381,1542.456094593868,37599.86010680346,16468.58635343716,45893.27698187661
5226.609459952111,4667.435595449766,2734.5779914849813,21615.572354705964,0.0,33881.68193401662,3033.878756253059,31256.508999796428
2549.76181002379,17977.56073711125,52707.485859524066,89280.33519389037,4520.366146072162,72950.24409508296,1290.695879711114,56085.49417593157
484.3824959932964,13096.95193740962,0.0,92811.52925423872,0.0,30940.197546596344,13728.137786731624,3232.0455348713813
7498.265511683141,3626.5180569005656,11602.204955873804,62326.34837397015,95.72720708082696,32730.182515367815,0.0,29665.209357041967
5922.843492037961,3509.9326609993354,3140.355230047218,21420.043322347778,90.77467218892002,33142.709728299225,0.0,14902.311349706268
2771.842098891668,10238.708140343511,1429.0059127869677,28814.7192382335,5878.665982984422,66046.69822805986,2008.857627627368,38413.47490853183
5743.784308686209,28697.38857581271,8068.670754761903,204135.2827974424,559.3310935567406,109022.11118978904,24332.03060708898,50043.29031965877
7014.476605530897,3197.2121744063347,3221.529518122992,119245.18822957808,77.83054209633028,62959.6424420568,2618.948283633596,20271.461269610496
56789.83145723927,825.4447999965071,63813.27839895111,107227.95807613776,383.2126717042856,99765.85895017128,10227.202843216965,17385.573132430003
2168.14066435895,7639.785676557014,509.4972847137061,36473.36610186378,137.20857800396897,39809.83072197981,1224.982465925701,46127.21893912817
514.2339375012606,949.3947000026769,9543.427820440049,108771.52226598767,38.81020000035893,45178.05638524867,7680.60956920175,24035.646966785574
0.0,10353.104892704556,869.8488650104159,219470.2088116469,2201.0135999942695,79482.18134685783,142.80719077208607,11257.534482214642
38921.197515448905,14171.435486077682,9133.474016663456,74132.64365603618,0.0,59723.485756304384,1346.2784145219775,46993.715802392944
0.0,1618.8971600061377,9424.777760637915,66825.52644865072,1248.9109170704783,45846.33627628781,6788.208915770934,8943.887801592486
0.0,891.723349996069,12.550951142371623,97918.30077332017,186.261499997926,37277.11247554285,86.91821342568844,12737.657684827811
359.2598034948751,6818.754516035758,0.0,63649.94190246886,0.0,33484.7358769792,2703.08061332582,78584.25158994632
208.93364999222328,7567.402889000288,1035.6776988827148,129927.10115815856,265.83177499597883,59792.38333982214,0.0,12503.973868935042
0.0,24939.26795183665,9044.997586946098,43159.19246929197,390.4444219954793,106148.28737614288,18259.818232490703,68007.717373484
0.0,1015.3017632611188,2336.2252249876933,57828.99489756836,24785.445116518575,35393.78823523925,686.6123799868689,27877.42540197208
7105.346667393569,22355.28056614247,261.53040290581976,3923.291615932484,0.0,43659.556440498825,0.0,45871.233591553886
0.0,679.8766837784833,43.30739999824893,6263.319449112468,0.0,28247.383629725067,37546.58806539407,28717.138852350625
251.4037931215437,5312.872371646098,2408.096623005961,72037.60631889787,0.0,75560.99437257927,1289.42332246534,9931.312808799768
0.0,13.36930946402017,572.0202999974022,54221.00067617668,0.0,73569.22208555196,51.78253181220232,0.0
0.0,2892.8686945231616,0.0,47148.99405723924,0.0,26083.28392237607,14981.22950167786,3393.909033440819
0.0,19541.03642092677,0.0,54901.17492165868,26.37839999823682,36528.06650072454,19.764941877946804,51439.2303586796
5141.913509716065,2119.464886684896,10228.909226155754,67599.45881146952,23665.484163467954,31144.0673408347,2004.1037512159503,4675.430803465512
432.9439565038583,10066.224927589757,733.8421397232229,85804.76963740891,44990.93076680415,45642.49442224687,1007.0135339444804,30810.138081216915
44.83015345025384,7935.00407348288,0.0,26467.032216277414,0.0,13387.889447581016,4943.996214672264,2053.1062860887737
24982.564125804023,6826.6167377804195,24537.40883022739,28912.41652536183,0.0,43374.147209996925,10974.4199205553,32349.472071040516
604.3114499954509,13472.065345818184,0.0,76564.90603848756,0.0,44232.44118062417,12322.350715985796,10790.335922103994
20.749961807276343,1196.9219780855226,0.0,29039.140713801167,20.868899999369308,17472.933911242988,317.58893670105726,3864.4491264562384
649.3078674213209,3036.6062847204557,0.0,52888.20085255043,0.0,21398.336611873994,13432.525929704563,2279.6870867428534
40460.16634652905,6463.749811918174,9141.765073278631,26452.912979784283,9724.030183681896,33511.288686137836,739.2860983794918,7550.31657525543
4012.682619521863,365.79165257378713,3959.826057256407,20771.194707809165,1450.865882562935,17332.110211682448,8303.220517049522,4770.111070932447
0.0,126030.86304174032,0.0,84996.71451910169,0.0,54677.68713959317,16192.28284299212,8993.904947247336
0.0,7736.87796161587,8869.55527243372,106187.04070961764,264.9011482936928,55062.079019996294,6847.924108347312,16840.61308716543
2596.3706999797164,5844.579677921956,2326.8290609851156,96032.58674352337,12.595777798450078,70453.06951395568,18815.8381078908,20728.843186825652
0.0,6541.1529217933,7952.707299219961,59463.51990663643,0.0,47089.247135635786,964.5097252281088,2023.7069896637572
1518.5591003437744,4900.33416061158,84.61763917187321,311.8628867852554,0.0,8952.394286475484,0.0,19519.06631424909
817.6174337436429,12904.002686424312,0.0,22060.274241685587,0.0,18236.675248551743,0.0,30889.48194326865
0.0,14402.613488649033,0.0,77124.92639778397,38.977750008324165,31329.621248369014,4680.789193308085,14863.849760825593
3393.987265972511,16634.049909113906,10.483250002010726,20865.38775060821,0.0204615884409298,15429.200590883971,183107.38342392372,1880.8219374050177
0.0,11988.760509876722,301.4100999977045,152390.62305680348,68161.72729498324,54889.55642604623,7092.063663267309,755.2915500189624
0.0,7512.411924760634,0.0,89439.4033971454,0.0,42241.55774968511,3858.767553723754,8897.819302130174
0.0,5975.407618451199,742.1811000144049,21689.156147088484,44.22584999713544,17536.08647114015,0.0,7687.18613790668
0.0,16953.815307655943,0.0,47431.2873770001,0.0,53268.15283796114,29934.661671236277,7764.7396767915325
148.78315651372398,15343.992131021021,472.05136495089715,73462.98255972294,390.54227275911774,33981.856029669856,1601.054656563885,9359.019398019582
1768.5727987943362,22656.201044555834,0.0,1498.1098701299882,0.0,51725.35787029595,89486.49684867752,75400.83797381676
0.0,4.073521698102407,1525.2063692597685,37792.04819497455,67.49961232539732,29173.978599285027,37185.334325725424,31865.995511484878
7878.548485750496,5758.80834849478,6969.23608501394,35700.528911987945,29.45246989681419,41071.91871572859,0.0,26146.82683216647
0.0,40519.9210988095,0.0,49645.950144784445,142.01545000044086,18409.086703056095,8776.79720216645,11725.959869840657
23628.104219447538,28586.515091783247,18847.82860350547,39143.27688353084,3484.1577677906334,48407.533429205905,5486.509388874772,28967.84605346409
19.034700002215992,17592.859419974113,0.0,109812.88972246344,0.0,45892.49346570657,915.5020100240883,19775.403873321593
0.0,16237.240435017251,0.0,242555.4726092225,0.0,103967.92476289211,141006.7553954469,1284.055386808786
0.0,6044.973930798816,492.3892287357341,107733.59065359533,107.081449988438,40792.60227671337,6954.388757819615,11393.016688431142
725.3393585043101,444.0610215885252,0.0,87801.45579527918,36.677700000563824,41933.579625510705,4164.757237419308,7502.808910512787
3579.0815269328205,4116.296895444715,222.3466258624688,42396.10774091839,0.0,35771.04699080873,2346.960542126018,11841.664518574404
0.0,21640.903876499455,0.0,73060.0071271251,0.0,43871.05482039872,0.0,11014.275488982992
0.0,581.7309499961112,2615.811175645355,0.0,0.0,15649.071024217443,6621.589475954225,31755.187392003918
260.63819160217173,48393.22324810468,0.0,56755.48664885857,117.53980740985033,22077.82726240889,2132.52404648867,2265.698337141075
0.0,31384.866344471928,9236.84788183096,58738.185697746674,16.116349998407625,65353.47692097292,11249.584673741274,31230.107052334097
14591.888680012951,14129.895855508232,0.0,184006.5553474432,25259.616497100826,101970.04655163293,134461.8866868368,34771.29514818844
0.0,550.955550025326,0.0,58989.55533613453,0.0,26706.63949712135,0.0,6900.591333985335
5374.865342571988,2285.8314233905116,0.0,3688.203994646213,0.0,17224.29555927226,0.0,32446.161174242414
4875.398881533385,1319.380278166322,10576.37093127117,74421.0184219977,15.193596325737792,43514.17413333127,10220.97965080055,28892.633555566485
0.0,1786.4596707054318,0.0,10753.399200073189,0.0,12972.682015672925,5556.669155973585,6349.871477774491
30281.60357249088,15321.288682463082,5002.718577751275,139244.79750592314,35416.026124221964,71647.68269818404,7824.085883425419,20359.694314697554
66454.76700876254,75.79148054092589,64098.46844894934,12571.434997030728,30615.412958614877,81918.62171632264,42700.028002482606,42494.32792196117
58500.22505736142,33321.53130656141,17271.981041579795,188985.66502300705,1268.1699732562265,250528.8020766692,47956.40042607195,45649.11592882411
56562.150663620945,0.0,0.0,16854.03591633867,18.232668993490005,83455.95326774077,35415.0298460586,38059.708951838606
5778.980439531697,3868.38079892778,0.0,9578.842975605368,2373.48769999377,112946.59931182551,180857.7296092425,41459.9854960381
20366.354301275045,0.0,0.0,15505.18637540785,162.35600000038835,66841.2433312719,70660.9218605692,5286.932449659099
27575.0056149834,10367.413743973142,33918.08059148375,15309.989131595175,3719.9468863117972,69090.24047100249,36889.018639466565,33596.715933999316
61880.848027526255,5639.122974756523,44066.22205285182,42049.81747247423,761.9045737183183,142474.96756169034,103611.86714556864,133101.18499044937
56328.17559234461,30698.901483035028,36411.5360975978,96739.24266030386,8494.364580813468,362721.2973268334,10075.611725592174,186988.93166573398
682.4616385723338,875.8337603333003,671.8247999911288,4399.6886324851375,259.85673261920215,13184.429048136893,0.0,10496.375524772864
27.54342027568655,6856.371699097366,724.6340452670864,21494.25290559013,1307.5238899888782,17731.77046292658,42.81368386699162,9352.776052572679
11952.505399043726,22988.95904602151,0.0,168966.0119873475,0.0,60037.66771591849,382872.3936166368,2786.0404899876826
0.0,1465.7247344368368,0.0,1430.6431975153462,0.0,10983.780330637052,0.0,18900.658192461997
44.188862036489546,1283.679929187374,844.4523518910212,2693.639829777658,0.0,18665.11531246153,10166.90771564419,22638.145927463473
4085.961858099623,14664.493867695955,0.0,17826.502308861276,0.0,40146.80317126177,0.0,52810.395517993486
36.76654999912512,617.4860500155621,259.5580994406288,829.3056556260655,0.0,20600.246939698944,2961.4768416675925,15195.522655368846
0.0,5814.737661068022,0.0,3290.313181296637,0.0,7630.554586469983,0.0,13452.355831634983
24070.77964018658,0.0,0.0,25567.80063993359,111.58473074876473,28654.53705712604,198900.90083742785,17566.237279529774
364.1361995357144,0.0,6932.184825963959,328.7442889808275,0.0,14047.284471431833,89.15423015468608,17780.239803979464
340.9160581009136,1832.5912667681523,0.0,102142.5495640556,0.0,35237.79655108883,5564.19668202604,2667.1281196440423
395.9181309731161,0.0,0.0,289.25100329879484,35.14007349783209,4170.093038394401,0.0,9209.336807373884
23473.528863925414,3452.53542700393,654.4113099966576,0.0049283756697643,0.0,53537.1120550649,6619.171020611829,16823.324757208677
2304.8914821131516,40942.622783824634,17489.85209298983,134080.90323193884,100.60915554462665,164142.04986422908,6755.117344792247,45195.31787965903
76306.98487769018,17382.467891892473,9283.64725634768,57308.45907689504,23.15090000131484,72695.17400018324,10469.725490063323,15842.073132309068
46904.949841967355,117169.25355835141,10388.89408682759,316702.9453907014,72278.61052602882,302744.8987920203,41944.56741893344,81896.93357433024
1022.8734820627279,21685.20602246092,16471.876746958522,401564.1006321377,664.3389690017384,171268.7721646258,1346.1782999998522,48443.34462524079
0.0,1426.8534559302743,0.0,0.0,0.0,10539.120709497089,20845.12183711437,16135.325909444218
0.0,891.931100951726,6710.649265486996,816.8586129388688,0.0,9922.735599820626,753.4632765938608,34184.224985403875
24716.06979021377,1031.3474818374925,1687.5396740529202,24104.87285871095,1560.600303559026,50042.75959757338,5657.352468178837,19452.430118845234
127663.10764900592,8792.549389761829,4761.782174655374,90676.43436200872,850.9663467755238,186487.38393666715,67285.29623249764,384065.0658425214
0.0,2081.0903420126533,349.82188423092595,0.0,0.0,18912.39582372854,4721.242396405462,10975.280817354495
0.0,4380.084640485857,0.0,68243.69879760426,0.0,33875.432837022054,775.8825999914413,18151.242150429003
1505.435383798167,12565.548959006155,0.0,0.0,0.0,42857.80652148716,0.0,50187.98003168286
7874.160473959622,14341.314368640637,0.0,19449.62238893832,123.7130999962246,25838.12268800717,51077.68198603275,17836.73456796982
38124.945338787176,0.0,10057.589897923497,10935.586273059353,0.0,23275.4191933625,0.0,50469.966280605804
0.0,148.78326074337966,0.0,0.0,0.0,50991.195950741494,5009.516229378803,73800.59386231816
0.0,0.0,0.0,0.0,0.0,10146.554326160955,0.0,17531.477658285352
11526.529069653538,11851.387077340101,0.0,38244.8828443414,0.0,19613.601700159743,3752.101595056477,265.9542527042089
24421.453429960045,0.0,0.0,24921.29083247561,0.0,18257.74270553672,16685.34387086833,3056.891624587194
8430.250577510315,339.47749473127647,0.0,3473.076544347515,0.0,35175.48464547669,3107.561047767261,27110.68399361968
2170.8922703117564,17428.241884629653,430.50593031285786,164628.7633255096,0.0,99041.75600091268,58673.47105021342,53627.374508003566
5759.991291440719,32534.915423679155,1214.323799992575,239347.37843886504,0.0,84025.29782685952,20715.88968278697,8626.503306175158
569.4046389374814,15602.406369490714,1478.082540005129,134453.894106492,54.18880650234054,57448.750556628016,28262.66287393821,24907.170421447776
737.5170890896643,29638.505039073792,1042.2763960027671,169864.61452076322,35.15990000556912,59511.430591387216,5287.077563678195,16371.574712690282
8134.60017696333,22439.53559208099,0.0,123911.2354681034,2606.553337849337,66606.21013737336,22542.85841742663,13910.248751941697
2713.237288662498,25596.02596862714,5756.484330776349,163206.45779039813,308.8555621215902,117685.58004290148,4921.94146910469,70700.08199188618
5412.318638510495,45511.04174285796,10157.221744341698,399673.678581634,98.29860000398344,195311.93187576035,18274.91193904851,88255.39310791146
32555.465416550443,16871.308772426648,6511.85231326822,10511.265188594984,2679.593274264866,57208.399787224495,781.2982959254132,19760.563306208624
5126.4281438491735,997.3971423867719,0.0,0.0,0.0,13561.699461097132,0.0,12377.725353572201
39211.80853016215,11793.304459662046,102471.75195849061,231844.6471738545,3459.6464581341297,238319.93860254477,20383.43377046764,76698.55052848012
9130.462537037787,3304.8464226546757,0.0,0.0,0.0,8333.833787876554,1041.0660749596118,17660.48903018419
2720.095511924844,15.427549999913946,1285.4408846806436,2277.017994657692,0.0,9001.31184020333,4831.156442874815,25901.589082157545
17265.05872880714,57089.574996658666,12206.790167289604,224968.86118128867,0.0,118592.58171889996,6587.861498677181,11146.813868679765
1434.8996524184188,12387.474214197726,2204.816306727078,73653.06451128684,105.91755000377891,65036.23954439457,15838.50829952217,30807.562194315586
211.60526765142035,752.5409514866171,8.897400000078976,0.0,0.0,20146.188857679557,8427.620473556502,3653.9010065960974
53782.03725766676,41494.944270261716,74080.93628231288,412161.6504141341,35318.98258060273,311657.0062015285,138105.66594115685,127810.07343506
5137.218256148477,34073.41511713334,31649.085619572386,183766.9899973961,164.9112300018328,105565.13631874058,9134.465969492208,36991.70080320429
